cement,blast_furnace_slag,fly_ash,water,superplasticizer,coarse_aggregate,fine_aggregate,age,log_age,water_cement_ratio,scm_fraction,compressive_strength
158.6,148.9,116.0,175.1,15.0,953.3,719.7,28,3.367295829986474,1.1040353089526458,0.6255017709561687,27.681082448
424.0,22.0,132.0,178.0,8.48,822.0,750.0,28,3.367295829986474,0.41981132075461797,0.26643598615912345,62.052839999999996
275.07,0.0,121.35,159.48,9.9,1053.6,777.5,3,1.3862943611198906,0.5797796924417131,0.3061147268048267,23.80071152
252.0,97.0,76.0,194.0,8.0,835.0,821.0,28,3.367295829986474,0.7698412698409643,0.407058823529316,33.398217439999996
168.88,42.22,124.25,158.33,10.83,1080.8,796.15,3,1.3862943611198906,0.9375296068208567,0.49640673922752454,7.3980774799999995
181.38,0.0,167.01,169.59,7.56,1055.6,777.8,28,3.367295829986474,0.9349983460133781,0.47937656075074503,27.77209328
154.8,183.4,0.0,193.3,9.1,1047.4,696.7,28,3.367295829986474,1.2487080103351107,0.5422826729744109,18.287661424
178.03,129.8,118.6,179.94,3.57,1007.3,746.8,56,4.04305126783455,1.010728528899056,0.5825106113545991,48.587373719999995
212.0,141.3,0.0,203.5,0.0,973.4,750.0,90,4.51085950651685,0.9599056603769057,0.3999433908858195,39.700028079999996
102.0,153.0,0.0,192.0,0.0,887.0,942.0,3,1.3862943611198906,1.8823529411746251,0.5999999999997647,4.565020596
134.7,0.0,165.7,180.2,10.0,961.0,804.9,28,3.367295829986474,1.3377876763167502,0.55159786950714,13.293786756
251.37,0.0,118.27,188.45,5.75,1028.4,757.73,56,4.04305126783455,0.7496916895410153,0.3199599610430906,36.96970312
350.0,0.0,0.0,203.0,0.0,974.0,775.0,14,2.70805020110221,0.5799999999998343,0.0,22.53207568
362.6,189.0,0.0,164.9,11.6,944.7,755.8,28,3.367295829986474,0.4547710976281151,0.3426395939085673,71.29871315999999
491.0,26.0,123.0,210.0,3.93,882.0,699.0,3,1.3862943611198906,0.42769857433799846,0.23281249999996362,25.60910856945864
275.0,180.0,120.0,162.0,10.35,830.0,765.0,28,3.367295829986474,0.589090909090695,0.5217391304346918,76.23536132
359.0,19.0,141.0,154.0,10.91,942.0,801.0,28,3.367295829986474,0.4289693593313568,0.30828516377643383,62.935369279999996
238.0,0.0,0.0,185.0,0.0,1118.0,789.0,28,3.367295829986474,0.7773109243694213,0.0,17.54026944
313.3,145.0,0.0,178.5,8.0,1001.9,688.7,28,3.367295829986474,0.5697414618574626,0.31638664630148017,41.053469468
290.2,193.5,0.0,185.7,0.0,998.2,704.3,7,2.0794415416798357,0.6399035148171468,0.4000413479428572,21.859147104
213.76,98.06,24.52,181.74,6.65,1066.0,785.52,56,4.04305126783455,0.8502058383229557,0.3644526372122363,47.13257936
153.6,144.2,112.3,220.1,10.1,923.2,657.9,28,3.367295829986474,1.4329427083324004,0.6254572055594672,16.503987012
190.34,0.0,125.18,161.85,9.88,1088.1,802.59,14,2.70805020110221,0.8503204791421403,0.3967418864096106,22.718234199999998
143.0,169.0,143.0,191.0,8.0,967.0,643.0,28,3.367295829986474,1.3356643356634017,0.6857142857141351,29.72331036
238.05,0.0,94.11,186.66,7.0,949.91,847.01,3,1.3862943611198906,0.7841209829864381,0.28332731213864304,19.93275116
158.8,238.2,0.0,185.7,0.0,1040.6,734.3,7,2.0794415416798357,1.1693954659942258,0.5999999999998489,9.617500724000001
374.0,0.0,0.0,190.0,7.0,1013.0,730.0,28,3.367295829986474,0.5080213903741957,0.0,39.05192064
288.0,121.0,0.0,177.0,7.0,908.0,829.0,28,3.367295829986474,0.61458333333312,0.2958435207823238,42.13387836
192.0,288.0,0.0,192.0,0.0,929.8,716.1,28,3.367295829986474,0.9999999999994792,0.599999999999875,39.321505756
307.0,0.0,0.0,193.0,0.0,968.0,812.0,180,5.198497031265826,0.6286644951138017,0.0,34.48758952
388.6,97.1,0.0,157.9,12.1,852.1,925.7,3,1.3862943611198906,0.40633041688100713,0.19991764463656578,28.096147
475.0,0.0,0.0,228.0,0.0,932.0,594.0,7,2.0794415416798357,0.47999999999989895,0.0,38.60376124
173.54,50.05,173.53,164.77,6.47,1006.2,793.5,56,4.04305126783455,0.9494641004950161,0.5630036261078356,53.77223324
182.04,45.21,121.97,170.21,8.19,1059.4,780.65,3,1.3862943611198906,0.9350142825747447,0.4787240135156982,7.3153403599999995
380.0,95.0,0.0,228.0,0.0,932.0,594.0,7,2.0794415416798357,0.5999999999998421,0.1999999999999579,32.823194456
305.3,203.5,0.0,203.5,0.0,965.4,631.0,28,3.367295829986474,0.6665574844413146,0.39996069182382077,43.377003588
500.0,0.0,0.0,200.0,0.0,1125.0,613.0,270,5.602118820879701,0.39999999999992003,0.0,55.15808
139.7,163.9,127.7,236.7,5.8,868.6,655.6,28,3.367295829986474,1.6943450250524739,0.6760955251563469,35.225328839999996
425.0,106.3,0.0,151.4,18.6,936.0,803.7,91,4.5217885770490405,0.3562352941175633,0.2000752870317711,66.69990824
159.0,209.0,161.0,201.0,7.0,848.0,669.0,28,3.367295829986474,1.2641509433954314,0.6994328922493951,30.881630039999997
286.3,200.9,0.0,144.7,11.2,1004.6,803.7,91,4.5217885770490405,0.5054139015017445,0.4123563218389958,76.80073164
153.0,102.0,0.0,192.0,0.0,888.0,943.1,28,3.367295829986474,1.2549019607834937,0.39999999999984315,17.96429718
342.0,38.0,0.0,228.0,0.0,932.0,670.0,270,5.602118820879701,0.6666666666664718,0.0999999999999737,55.064311264
425.0,106.3,0.0,153.5,16.5,852.1,887.1,56,4.04305126783455,0.36117647058815033,0.2000752870317711,64.30053176
255.3,98.8,77.0,188.6,6.5,919.0,749.3,28,3.367295829986474,0.7387387387384493,0.4077940153095784,33.798802996
213.5,0.0,174.24,154.61,11.66,1052.3,775.48,28,3.367295829986474,0.7241686182666398,0.4493732913807063,45.939785879999995
321.0,0.0,128.0,182.0,11.0,870.0,780.0,28,3.367295829986474,0.5669781931462409,0.2850779510021637,37.25928304
190.34,0.0,125.18,166.61,9.88,1079.0,798.9,28,3.367295829986474,0.8753283597767809,0.3967418864096106,24.84871504
213.74,0.0,174.74,154.79,10.16,1053.5,776.35,28,3.367295829986474,0.7241976232802825,0.4498043657329979,40.14818748
212.52,0.0,100.37,159.32,8.71,1007.8,903.59,3,1.3862943611198906,0.7496706192354838,0.3207836619897342,13.54130864
236.0,157.0,0.0,192.0,0.0,972.6,749.1,28,3.367295829986474,0.8135593220335536,0.3994910941474811,32.88455782
213.74,0.0,174.74,154.79,10.16,1053.5,776.35,3,1.3862943611198906,0.7241976232802825,0.4498043657329979,17.57474324
166.09,0.0,163.27,176.46,4.49,1058.6,780.09,28,3.367295829986474,1.062436028658521,0.4957189701237261,21.53923024
213.76,98.06,24.52,181.74,6.65,1066.0,785.52,14,2.70805020110221,0.8502058383229557,0.3644526372122363,17.83674412
333.0,0.0,0.0,192.0,0.0,931.2,842.6,7,2.0794415416798357,0.5765765765764035,0.0,23.404952295999998
491.0,26.0,123.0,210.0,3.93,882.0,699.0,28,3.367295829986474,0.42769857433799846,0.23281249999996362,55.55108132
186.2,124.1,0.0,185.7,0.0,1083.4,764.3,28,3.367295829986474,0.9973147153592926,0.39993554624544,17.596806471999997
296.0,0.0,106.7,221.4,10.5,819.2,778.4,28,3.367295829986474,0.7479729729727204,0.2649615098087249,31.420110796000003
250.0,0.0,95.69,187.42,5.53,956.86,861.17,3,1.3862943611198906,0.7496799999997001,0.2768087014376242,13.817099039999999
366.0,187.0,0.0,191.3,6.6,824.3,756.9,28,3.367295829986474,0.5226775956282725,0.3381555153706441,65.909079268
315.0,137.0,0.0,145.0,5.9,1130.0,745.0,28,3.367295829986474,0.4603174603173142,0.30309734513267633,81.75116932
313.3,262.2,0.0,175.5,8.6,1046.9,611.8,3,1.3862943611198906,0.5601659751035556,0.4556038227627357,28.79941252
313.3,262.2,0.0,175.5,8.6,1046.9,611.8,7,2.0794415416798357,0.5601659751035556,0.4556038227627357,42.79577532
475.0,0.0,0.0,228.0,0.0,932.0,594.0,270,5.602118820879701,0.47999999999989895,0.0,42.131120456
212.57,0.0,100.39,159.35,10.37,1003.8,903.79,3,1.3862943611198906,0.7496354142161408,0.32077581799580757,13.33446584
212.07,0.0,121.62,180.31,5.69,1057.6,779.32,3,1.3862943611198906,0.8502381289192955,0.36447001708161336,12.47262084
218.23,54.64,123.78,140.75,11.91,1075.7,792.67,3,1.3862943611198906,0.644961737615981,0.4498172192107779,27.42046052
339.0,0.0,0.0,197.0,0.0,968.0,781.0,28,3.367295829986474,0.5811209439526309,0.0,32.039949719999996
160.0,128.0,122.0,182.0,6.4,824.0,879.0,28,3.367295829986474,1.1374999999992892,0.6097560975608269,39.39665864
425.0,106.3,0.0,153.5,16.5,852.1,887.1,3,1.3862943611198906,0.36117647058815033,0.2000752870317711,33.398217439999996
323.7,282.8,0.0,183.8,10.3,942.7,659.9,3,1.3862943611198906,0.5678097003396455,0.46628194558937075,28.296095039999997
249.1,0.0,98.75,158.11,12.8,987.76,889.01,3,1.3862943611198906,0.6347250100358753,0.28388673278703924,15.361525279999999
401.8,94.7,0.0,147.4,11.4,946.8,852.1,3,1.3862943611198906,0.3668491786957773,0.1907351460221167,41.09966436
299.8,0.0,119.8,211.5,9.9,878.2,727.6,28,3.367295829986474,0.7054703135421263,0.2855100095328204,23.835874796
200.0,133.0,0.0,192.0,0.0,965.4,806.2,90,4.51085950651685,0.95999999999952,0.3993993993992795,43.25082948
480.0,0.0,0.0,192.0,0.0,936.2,712.2,7,2.0794415416798357,0.3999999999999167,0.0,34.569637164
255.0,0.0,0.0,192.0,0.0,889.8,945.0,7,2.0794415416798357,0.752941176470293,0.0,10.222171176
397.0,0.0,0.0,185.0,0.0,1040.0,734.0,28,3.367295829986474,0.4659949622165073,0.0,39.0932892
250.0,0.0,95.69,191.84,5.33,948.9,857.2,14,2.70805020110221,0.7673599999996931,0.2768087014376242,24.65566176
295.71,0.0,95.64,171.54,8.87,955.14,859.2,3,1.3862943611198906,0.5800953637007271,0.24438482177073098,22.94576128
266.0,114.0,0.0,228.0,0.0,932.0,670.0,90,4.51085950651685,0.8571428571425349,0.29999999999992105,47.029847436000004
349.0,0.0,0.0,192.0,0.0,1047.0,806.0,7,2.0794415416798357,0.5501432664754871,0.0,18.12632404
318.8,212.5,0.0,155.7,14.3,852.1,880.4,7,2.0794415416798357,0.48839397741515417,0.39996235648402034,33.398217439999996
375.0,93.8,0.0,126.6,23.4,852.1,992.6,7,2.0794415416798357,0.33759999999990997,0.20008532423203923,45.69846928
168.88,42.22,124.25,158.33,10.83,1080.8,796.15,28,3.367295829986474,0.9375296068208567,0.49640673922752454,31.11605188
178.03,129.8,118.6,179.94,3.57,1007.3,746.8,3,1.3862943611198906,1.010728528899056,0.5825106113545991,20.72564856
165.0,0.02,143.57,163.81,0.0,1005.6,900.9,56,4.04305126783455,0.9927878787872771,0.46530995819680954,36.56291228
155.0,0.0,143.0,193.0,9.0,1047.0,697.0,28,3.367295829986474,1.2451612903217775,0.47986577181191953,12.45883132
251.37,0.0,118.27,188.45,6.35,1028.4,757.73,28,3.367295829986474,0.7496916895410153,0.3199599610430906,32.66047812
212.0,0.0,124.78,159.0,7.84,1085.4,799.54,28,3.367295829986474,0.7499999999996463,0.3705089375852573,38.500339839999995
296.0,0.0,0.0,186.0,0.0,1090.0,769.0,28,3.367295829986474,0.6283783783781661,0.0,25.17966352
148.0,0.0,137.0,158.0,16.0,1002.0,830.0,28,3.367295829986474,1.0675675675668463,0.48070175438579626,17.95395504
393.0,0.0,0.0,192.0,0.0,940.6,785.6,3,1.3862943611198906,0.4885496183204864,0.0,19.199148695999998
165.0,0.02,143.57,163.81,0.0,1005.6,900.9,28,3.367295829986474,0.9927878787872771,0.46530995819680954,26.200088
148.0,0.0,182.0,181.0,15.0,839.0,884.0,28,3.367295829986474,1.2229729729721468,0.5515151515149844,15.520104759999999
200.0,133.0,0.0,192.0,0.0,965.4,806.2,3,1.3862943611198906,0.95999999999952,0.3993993993992795,11.414275179999999
425.0,106.3,0.0,153.5,16.5,852.1,887.1,28,3.367295829986474,0.36117647058815033,0.2000752870317711,60.2946762
500.0,0.0,0.0,151.0,9.0,1033.0,655.0,28,3.367295829986474,0.3019999999999396,0.0,69.83702404
250.0,0.0,95.69,187.42,5.53,956.86,861.17,14,2.70805020110221,0.7496799999997001,0.2768087014376242,24.91766264
376.0,0.0,0.0,214.6,0.0,1003.5,762.36,56,4.04305126783455,0.570744680850912,0.0,36.3009114
277.0,0.0,0.0,191.0,0.0,968.0,856.0,180,5.198497031265826,0.6895306859203287,0.0,32.32952964
475.0,0.0,0.0,228.0,0.0,932.0,594.0,28,3.367295829986474,0.47999999999989895,0.0,39.28978986
277.19,97.82,24.46,160.7,11.19,1061.7,782.46,56,4.04305126783455,0.5797467441103288,0.3061055899065497,66.82401392
194.68,0.0,100.52,165.62,7.48,1006.4,905.9,28,3.367295829986474,0.8507294020953099,0.3405149051489362,25.72434956
325.0,0.0,0.0,184.0,0.0,1063.0,783.0,7,2.0794415416798357,0.5661538461536719,0.0,17.54026944
318.8,212.5,0.0,155.7,14.3,852.1,880.4,3,1.3862943611198906,0.48839397741515417,0.39996235648402034,25.2003478
359.0,19.0,141.0,154.0,10.91,942.0,801.0,3,1.3862943611198906,0.4289693593313568,0.30828516377643383,23.639177145812038
162.0,190.0,148.0,179.0,19.0,838.0,741.0,28,3.367295829986474,1.1049382716042564,0.6759999999998648,33.75674496
135.0,0.0,166.0,180.0,10.0,961.0,805.0,28,3.367295829986474,1.3333333333323458,0.5514950166111124,13.29309728
229.68,0.0,118.16,195.23,6.13,1028.1,757.63,3,1.3862943611198906,0.8500087077669584,0.33969641214341656,13.35515012
249.1,0.0,98.75,158.11,12.8,987.76,889.01,100,4.61512051684126,0.6347250100358753,0.28388673278703924,51.0556978
229.97,0.0,118.31,195.47,4.63,1029.4,758.59,28,3.367295829986474,0.8499804322299214,0.3396979441827439,24.483292759999998
366.0,187.0,0.0,191.0,7.0,824.0,757.0,28,3.367295829986474,0.5218579234971252,0.3381555153706441,65.90701084
289.0,0.0,0.0,192.0,0.0,913.2,895.3,28,3.367295829986474,0.6643598615914657,0.0,25.573354316
355.0,19.0,97.0,145.0,13.13,967.0,871.0,28,3.367295829986474,0.40845070422523705,0.24628450106151883,44.02993736
167.95,42.08,163.83,121.75,5.72,1058.7,780.11,56,4.04305126783455,0.7249181303955197,0.5507676670409911,32.8535314
151.0,0.0,185.0,167.0,16.0,1074.0,678.0,28,3.367295829986474,1.1059602648999298,0.5505952380950743,13.45857152
310.0,0.0,0.0,192.0,0.0,970.0,850.0,360,5.8888779583328805,0.6193548387094776,0.0,38.11423328
522.0,0.0,0.0,146.0,0.0,896.0,896.0,28,3.367295829986474,0.2796934865899847,0.0,74.98740975999999
362.6,189.0,0.0,164.9,11.6,944.7,755.8,91,4.5217885770490405,0.4547710976281151,0.3426395939085673,79.29663476
148.1,0.0,182.1,181.4,15.0,838.9,884.3,28,3.367295829986474,1.2248480756237512,0.5514839491215774,15.526310044
165.0,128.5,132.1,175.06,8.08,1005.8,746.6,28,3.367295829986474,1.060969696969054,0.6123120300750441,46.38794528
151.6,0.0,111.9,184.4,7.9,992.0,815.9,28,3.367295829986474,1.2163588390493298,0.4246679316886434,12.180972492
202.0,11.0,141.0,206.0,1.72,942.0,801.0,3,1.3862943611198906,1.0198019801975151,0.4293785310733251,9.84965714581204
213.5,0.0,174.24,154.61,11.66,1052.3,775.48,14,2.70805020110221,0.7241686182666398,0.4493732913807063,33.70158688
202.0,11.0,141.0,206.0,1.72,942.0,801.0,56,4.04305126783455,1.0198019801975151,0.4293785310733251,23.24519085418796
380.0,95.0,0.0,228.0,0.0,932.0,594.0,28,3.367295829986474,0.5999999999998421,0.1999999999999579,36.447769788
362.6,189.0,0.0,164.9,11.6,944.7,755.8,56,4.04305126783455,0.4547710976281151,0.3426395939085673,77.29715436
153.1,145.0,113.0,178.5,8.0,1001.9,688.7,28,3.367295829986474,1.165904637491074,0.6275845293114504,25.559564796
313.8,0.0,112.6,169.9,10.1,925.3,782.9,28,3.367295829986474,0.5414276609303564,0.2640712945590375,38.461039708
246.83,0.0,125.08,143.3,11.99,1086.8,800.89,3,1.3862943611198906,0.5805615200743101,0.33631792637994773,23.52492112
255.0,0.0,0.0,192.0,0.0,889.8,945.0,90,4.51085950651685,0.752941176470293,0.0,21.859147104
173.81,93.37,159.9,172.34,9.73,1007.2,746.6,28,3.367295829986474,0.9915424889241174,0.593027067528193,37.810863839999996
252.0,0.0,0.0,185.0,0.0,1111.0,784.0,28,3.367295829986474,0.7341269841266929,0.0,19.691434559999998
150.0,237.0,0.0,174.0,12.0,1069.0,675.0,28,3.367295829986474,1.1599999999992268,0.6124031007750356,37.431652039999996
218.85,0.0,124.13,158.49,11.33,1078.7,794.91,14,2.70805020110221,0.7241946538721846,0.3619161467139886,26.04840328
339.0,0.0,0.0,197.0,0.0,968.0,781.0,365,5.902633333401366,0.5811209439526309,0.0,38.89334116
143.8,136.3,106.2,178.1,7.5,941.5,774.3,28,3.367295829986474,1.2385257301799453,0.6277504530156284,26.147687824
252.5,0.0,0.0,185.7,0.0,1111.6,784.3,7,2.0794415416798357,0.7354455445541642,0.0,11.483912255999998
146.0,230.0,0.0,202.0,3.0,827.0,872.0,28,3.367295829986474,1.383561643834669,0.6117021276594118,33.0603742
238.2,158.8,0.0,185.7,0.0,1040.6,734.3,7,2.0794415416798357,0.7795969773296475,0.39999999999989927,15.691094808
540.0,0.0,0.0,173.0,0.0,1125.0,613.0,28,3.367295829986474,0.320370370370311,0.0,67.30664712
237.0,92.0,71.0,247.0,6.0,853.0,695.0,28,3.367295829986474,1.0421940928265645,0.4074999999998981,28.62704352
289.0,0.0,0.0,192.0,0.0,913.2,895.3,90,4.51085950651685,0.6643598615914657,0.0,32.068218236
160.0,250.0,0.0,168.0,12.0,1049.0,688.0,28,3.367295829986474,1.049999999999344,0.6097560975608269,39.45181672
167.95,42.08,163.83,121.75,5.72,1058.7,780.11,100,4.61512051684126,0.7249181303955197,0.5507676670409911,39.2311844
450.1,50.0,0.0,200.0,3.0,1124.4,613.2,28,3.367295829986474,0.4443457009552445,0.09998000399918017,39.37597436
350.0,0.0,0.0,203.0,0.0,974.0,775.0,28,3.367295829986474,0.5799999999998343,0.0,27.337723399999998
229.97,0.0,118.31,195.47,4.63,1029.4,758.59,56,4.04305126783455,0.8499804322299214,0.3396979441827439,31.53663224
531.3,0.0,0.0,141.8,28.2,852.1,893.7,3,1.3862943611198906,0.26689252776204275,0.0,41.2996124
531.3,0.0,0.0,141.8,28.2,852.1,893.7,56,4.04305126783455,0.26689252776204275,0.0,58.798513279999995
290.35,0.0,96.18,168.08,9.41,961.18,865.0,56,4.04305126783455,0.5788875495090137,0.24882932760710713,45.08483564
167.35,129.9,128.62,175.46,7.79,1006.3,746.6,56,4.04305126783455,1.0484613086339718,0.6070397069526834,51.72448952
218.23,54.64,123.78,140.75,11.91,1075.7,792.67,28,3.367295829986474,0.644961737615981,0.4498172192107779,55.50971276
436.0,0.0,0.0,218.0,0.0,838.4,719.7,28,3.367295829986474,0.4999999999998853,0.0,23.84897484
359.0,19.0,141.0,154.0,10.91,942.0,801.0,56,4.04305126783455,0.4289693593313568,0.30828516377643383,68.75060685418796
380.0,0.0,0.0,228.0,0.0,932.0,670.0,180,5.198497031265826,0.5999999999998421,0.0,53.104130996
212.0,141.3,0.0,203.5,0.0,973.4,750.0,7,2.0794415416798357,0.9599056603769057,0.3999433908858195,15.030576799999999
286.3,200.9,0.0,144.7,11.2,1004.6,803.7,28,3.367295829986474,0.5054139015017445,0.4123563218389958,67.69964844
238.1,0.0,0.0,185.7,0.0,1118.8,789.3,28,3.367295829986474,0.7799244015116422,0.0,17.576122192
295.71,0.0,95.64,171.54,8.87,955.14,859.2,28,3.367295829986474,0.5800953637007271,0.24438482177073098,39.94134468
275.0,0.0,0.0,183.0,0.0,1088.0,808.0,28,3.367295829986474,0.6654545454543035,0.0,24.49708228
203.5,135.7,0.0,185.7,0.0,1076.2,759.3,7,2.0794415416798357,0.9125307125302641,0.400058962264033,11.957582268
525.0,0.0,0.0,189.0,0.0,1125.0,613.0,270,5.602118820879701,0.3599999999999314,0.0,67.11359384
540.0,0.0,0.0,162.0,2.5,1040.0,676.0,28,3.367295829986474,0.2999999999999444,0.0,79.98611076
446.0,24.0,79.0,162.0,11.64,967.0,712.0,3,1.3862943611198906,0.36322869955148807,0.18761384335151407,23.34565736
251.81,0.0,99.94,146.14,12.35,1006.0,899.76,28,3.367295829986474,0.580358206584099,0.2841222459132099,33.94290348
238.0,0.0,0.0,186.0,0.0,1119.0,789.0,28,3.367295829986474,0.7815126050416885,0.0,17.54026944
220.8,147.2,0.0,185.7,0.0,1055.0,744.3,7,2.0794415416798357,0.8410326086952712,0.3999999999998913,13.089012384
475.0,0.0,59.0,142.0,1.9,1098.0,641.0,28,3.367295829986474,0.2989473684209897,0.11048689138574709,57.226507999999995
147.0,115.0,89.0,202.0,9.0,860.0,829.0,28,3.367295829986474,1.374149659863011,0.5811965811964156,19.98790924
145.7,172.6,0.0,181.9,3.4,985.8,816.8,28,3.367295829986474,1.2484557309531585,0.5422557335844983,23.744174488
336.5,0.0,0.0,181.9,3.4,985.8,816.8,28,3.367295829986474,0.5405646359582347,0.0,44.868340176000004
425.0,106.3,0.0,153.5,16.5,852.1,887.1,91,4.5217885770490405,0.36117647058815033,0.2000752870317711,65.19685056
531.3,0.0,0.0,141.8,28.2,852.1,893.7,28,3.367295829986474,0.26689252776204275,0.0,56.3991368
192.0,288.0,0.0,192.0,0.0,929.8,716.1,3,1.3862943611198906,0.9999999999994792,0.599999999999875,12.788400847999998
148.5,139.4,108.6,192.7,6.1,892.4,780.0,28,3.367295829986474,1.2976430976422237,0.625472887767812,23.696600644
310.0,143.0,111.0,168.0,22.0,914.0,651.0,28,3.367295829986474,0.5419354838707929,0.4503546099289981,33.68779736
145.9,230.5,0.0,202.5,3.4,827.0,871.8,28,3.367295829986474,1.387936943110769,0.612380446333525,32.720462532
389.9,189.0,0.0,145.9,22.0,944.7,755.8,3,1.3862943611198906,0.374198512438991,0.3264812575573801,40.59634688
155.2,183.9,143.2,193.8,9.2,879.6,698.5,28,3.367295829986474,1.2487113402053813,0.6782085838688207,28.991086848000002
389.9,189.0,0.0,145.9,22.0,944.7,755.8,91,4.5217885770490405,0.374198512438991,0.3264812575573801,82.5992248
218.23,54.64,123.78,140.75,11.91,1075.7,792.67,100,4.61512051684126,0.644961737615981,0.4498172192107779,63.528318639999995
251.37,0.0,118.27,188.45,5.75,1028.4,757.73,3,1.3862943611198906,0.7496916895410153,0.3199599610430906,17.22311048
143.7,170.2,132.6,191.6,8.5,814.1,805.3,28,3.367295829986474,1.3333333333324056,0.6781634938408335,29.870858223999996
485.0,0.0,0.0,146.0,0.0,1120.0,800.0,28,3.367295829986474,0.30103092783498947,0.0,71.98818916
182.04,45.21,121.97,170.21,8.19,1059.4,780.65,28,3.367295829986474,0.9350142825747447,0.4787240135156982,31.2677366
379.5,151.2,0.0,153.9,15.9,1134.3,605.0,28,3.367295829986474,0.40553359683783785,0.2849067269643329,52.20022796
290.35,0.0,96.18,168.08,9.41,961.18,865.0,14,2.70805020110221,0.5788875495090137,0.24882932760710713,34.67374804
236.0,0.0,0.0,194.0,0.0,968.0,885.0,3,1.3862943611198906,0.8220338983047365,0.0,6.467284879999999
252.31,0.0,98.75,146.25,14.17,987.76,889.01,28,3.367295829986474,0.579644088620911,0.28129094741631594,50.60064364
475.0,118.8,0.0,181.1,8.9,852.1,781.5,56,4.04305126783455,0.3812631578946566,0.20006736274836645,72.29845336
336.0,0.0,0.0,182.0,3.0,986.0,817.0,28,3.367295829986474,0.5416666666665054,0.0,44.86420332
298.2,0.0,107.0,209.7,11.1,879.6,744.2,28,3.367295829986474,0.7032193158951364,0.2640671273444561,31.875164956000003
153.0,102.0,0.0,192.0,0.0,888.0,943.1,3,1.3862943611198906,1.2549019607834937,0.39999999999984315,4.782205536
439.0,177.0,0.0,186.0,11.1,884.9,707.9,28,3.367295829986474,0.423690205011293,0.28733766233761565,65.99664272
167.0,75.4,167.0,164.03,7.91,1007.3,770.1,56,4.04305126783455,0.9822155688616874,0.5920859794820245,53.46196904
425.0,106.3,0.0,153.5,16.5,852.1,887.1,91,4.5217885770490405,0.36117647058815033,0.2000752870317711,65.19685056
427.5,47.5,0.0,228.0,0.0,932.0,594.0,28,3.367295829986474,0.5333333333332086,0.09999999999997895,37.427515183999994
238.2,158.8,0.0,185.7,0.0,1040.6,734.3,28,3.367295829986474,0.7795969773296475,0.39999999999989927,26.91369566
233.81,0.0,94.58,197.89,4.567,947.04,852.16,100,4.61512051684126,0.8463709849874486,0.28801120618767684,34.55653712
213.5,0.0,174.24,159.21,11.66,1043.6,771.9,14,2.70805020110221,0.7457142857139365,0.4493732913807063,29.592309919999998
173.0,116.0,0.0,192.0,0.0,946.8,856.8,7,2.0794415416798357,1.1098265895947343,0.40138408304484385,11.392211948
272.8,105.1,81.8,209.7,9.0,904.0,679.7,28,3.367295829986474,0.7686950146624748,0.4065695018489435,37.171030112
425.0,106.3,0.0,153.5,16.5,852.1,887.1,91,4.5217885770490405,0.36117647058815033,0.2000752870317711,65.19685056
359.0,19.0,141.0,154.0,10.91,942.0,801.0,3,1.3862943611198906,0.4289693593313568,0.30828516377643383,25.11662571527068
313.3,262.2,0.0,175.5,8.6,1046.9,611.8,56,4.04305126783455,0.5601659751035556,0.4556038227627357,64.90037588
318.8,212.5,0.0,155.7,14.3,852.1,880.4,91,4.5217885770490405,0.48839397741515417,0.39996235648402034,68.09954452
380.0,95.0,0.0,228.0,0.0,932.0,594.0,365,5.902633333401366,0.5999999999998421,0.1999999999999579,43.698299404
385.0,0.0,0.0,186.0,0.0,966.0,763.0,3,1.3862943611198906,0.48311688311675766,0.0,14.699628319999999
284.0,15.0,141.0,179.0,5.46,842.0,801.0,28,3.367295829986474,0.6302816901406232,0.35454545454537395,43.733462679999995
288.0,192.0,0.0,192.0,0.0,932.0,717.8,28,3.367295829986474,0.6666666666664353,0.3999999999999167,38.804398756000005
425.0,106.3,0.0,151.4,18.6,936.0,803.7,3,1.3862943611198906,0.3562352941175633,0.2000752870317711,36.3009114
157.0,236.0,0.0,192.0,0.0,935.4,781.2,3,1.3862943611198906,1.2229299363049537,0.6005089058522646,9.694722036
183.9,122.6,0.0,203.5,0.0,959.2,800.0,90,4.51085950651685,1.1065796628596485,0.3999999999998695,32.53292506
213.76,98.06,24.52,181.74,6.65,1066.0,785.52,100,4.61512051684126,0.8502058383229557,0.3644526372122363,49.973220479999995
469.0,117.2,0.0,137.8,32.2,852.1,840.5,56,4.04305126783455,0.29381663113000134,0.1999317639030706,69.29923276
322.0,0.0,0.0,203.0,0.0,974.0,800.0,180,5.198497031265826,0.6304347826084999,0.0,29.58541516
213.76,98.06,24.52,181.74,6.65,1066.0,785.52,3,1.3862943611198906,0.8502058383229557,0.3644526372122363,13.18278112
166.09,0.0,163.27,176.46,4.49,1058.6,780.09,14,2.70805020110221,1.062436028658521,0.4957189701237261,25.48303296
190.34,0.0,125.18,161.85,9.88,1088.1,802.59,3,1.3862943611198906,0.8503204791421403,0.3967418864096106,9.4458212
108.3,162.4,0.0,203.5,0.0,938.2,849.0,3,1.3862943611198906,1.879039704522734,0.5999261174729961,2.331807832
362.6,189.0,0.0,164.9,11.6,944.7,755.8,28,3.367295829986474,0.4547710976281151,0.3426395939085673,71.29871315999999
159.1,186.7,0.0,175.6,11.3,989.6,788.9,28,3.367295829986474,1.1037083595216193,0.5399074609599365,32.768036376000005
251.37,0.0,118.27,192.94,5.75,1043.6,754.3,56,4.04305126783455,0.7675538051474847,0.3199599610430906,39.2656582
192.0,288.0,0.0,192.0,0.0,929.8,716.1,90,4.51085950651685,0.9999999999994792,0.599999999999875,50.732333556
167.35,129.9,128.62,175.46,7.79,1006.3,746.6,14,2.70805020110221,1.0484613086339718,0.6070397069526834,31.812422639999998
222.36,0.0,96.67,189.29,4.46,967.08,870.32,14,2.70805020110221,0.851277208130576,0.303012255900604,24.44881896
427.5,47.5,0.0,228.0,0.0,932.0,594.0,365,5.902633333401366,0.5333333333332086,0.09999999999997895,43.698299404
375.0,0.0,0.0,186.0,0.0,1038.0,758.0,28,3.367295829986474,0.49599999999986777,0.0,38.21075992
379.5,151.2,0.0,153.9,15.9,1134.3,605.0,7,2.0794415416798357,0.40553359683783785,0.2849067269643329,47.09810556
277.0,0.0,0.0,191.0,0.0,968.0,856.0,360,5.8888779583328805,0.6895306859203287,0.0,33.70158688
475.0,0.0,0.0,228.0,0.0,932.0,594.0,365,5.902633333401366,0.47999999999989895,0.0,41.934619796
172.38,13.61,172.37,156.76,4.14,1006.3,856.4,56,4.04305126783455,0.9093862397024542,0.5189753320681664,35.852751999999995
382.0,0.0,0.0,186.0,0.0,1047.0,739.0,28,3.367295829986474,0.48691099476427047,0.0,37.42475728
339.2,0.0,0.0,185.7,0.0,1069.2,754.3,28,3.367295829986474,0.547464622641348,0.0,31.899986092
260.0,101.0,78.0,171.0,10.0,936.0,763.0,28,3.367295829986474,0.6576923076920548,0.40774487471516907,49.77327244
167.35,129.9,128.62,175.46,7.79,1006.3,746.6,28,3.367295829986474,1.0484613086339718,0.6070397069526834,41.20308576
380.0,0.0,0.0,228.0,0.0,932.0,670.0,365,5.902633333401366,0.5999999999998421,0.0,52.516697443999995
310.0,0.0,0.0,192.0,0.0,970.0,850.0,7,2.0794415416798357,0.6193548387094776,0.0,14.98920824
387.0,20.0,94.0,157.0,14.32,938.0,845.0,56,4.04305126783455,0.40568475452185904,0.2275449101795953,56.33708396
480.0,0.0,0.0,192.0,0.0,936.0,721.0,3,1.3862943611198906,0.3999999999999167,0.0,24.39366088
145.4,0.0,178.9,201.7,7.8,824.0,868.7,28,3.367295829986474,1.387207702887629,0.5516497070611929,10.535882756
149.0,153.0,194.0,192.0,8.0,935.0,623.0,28,3.367295829986474,1.288590604025981,0.6995967741934074,24.579819399999998
330.5,169.6,0.0,194.9,8.1,811.0,802.3,28,3.367295829986474,0.5897125567320455,0.33913217356521913,56.619079643999996
275.07,0.0,121.35,159.48,9.9,1053.6,777.5,100,4.61512051684126,0.5797796924417131,0.3061147268048267,58.60546
190.0,190.0,0.0,228.0,0.0,932.0,670.0,180,5.198497031265826,1.1999999999993685,0.49999999999986844,46.931941843999994
451.0,0.0,0.0,165.0,11.25,1030.0,745.0,28,3.367295829986474,0.36585365853650426,0.0,78.80021203999999
480.0,0.0,0.0,192.0,0.0,936.2,712.2,90,4.51085950651685,0.3999999999999167,0.0,54.315540328
309.9,142.8,111.2,167.8,22.1,913.9,651.2,28,3.367295829986474,0.5414649887058596,0.45043447419747284,38.215586251999994
116.0,173.0,0.0,192.0,0.0,909.8,891.9,90,4.51085950651685,1.6551724137916766,0.5986159169548102,31.023662096000002
150.0,236.8,0.0,173.8,11.9,1069.3,674.8,28,3.367295829986474,1.1586666666658945,0.6122026887278665,37.431652039999996
212.0,0.0,124.78,159.0,7.84,1085.4,799.54,3,1.3862943611198906,0.7499999999996463,0.3705089375852573,19.519065559999998
150.7,0.0,185.3,166.7,15.6,1074.5,678.0,28,3.367295829986474,1.106171201060978,0.5514880952379312,13.461329424
480.0,0.0,0.0,192.0,0.0,936.0,721.0,28,3.367295829986474,0.3999999999999167,0.0,43.892042159999995
192.0,288.0,0.0,192.0,0.0,929.8,716.1,7,2.0794415416798357,0.9999999999994792,0.599999999999875,21.48062478
251.37,0.0,118.27,192.94,5.75,1043.6,754.3,28,3.367295829986474,0.7675538051474847,0.3199599610430906,33.27411176
200.0,200.0,0.0,190.0,0.0,1145.0,660.0,28,3.367295829986474,0.9499999999995251,0.499999999999875,49.249270679999995
333.0,0.0,0.0,192.0,0.0,931.2,842.6,3,1.3862943611198906,0.5765765765764035,0.0,15.615941924
387.0,20.0,94.0,157.0,13.93,938.0,845.0,56,4.04305126783455,0.40568475452185904,0.2275449101795953,47.96684532
380.0,95.0,0.0,228.0,0.0,932.0,594.0,90,4.51085950651685,0.5999999999998421,0.1999999999999579,40.563252031999994
500.0,0.0,0.0,200.0,0.0,1125.0,613.0,1,0.6931471805599453,0.39999999999992003,0.0,12.63809508
284.0,15.0,141.0,179.0,5.46,842.0,801.0,56,4.04305126783455,0.6302816901406232,0.35454545454537395,44.520450284729314
316.1,210.7,0.0,185.7,0.0,977.0,689.3,7,2.0794415416798357,0.5874723188862424,0.3999620349277904,24.437787344
446.0,24.0,79.0,162.0,11.64,967.0,712.0,7,2.0794415416798357,0.36322869955148807,0.18761384335151407,38.01770664
214.9,53.8,121.89,155.63,9.61,1014.3,780.58,56,4.04305126783455,0.7241973010699283,0.44980670268044504,53.95839176
362.6,189.0,0.0,164.9,11.6,944.7,755.8,3,1.3862943611198906,0.4547710976281151,0.3426395939085673,35.3011712
266.0,114.0,0.0,228.0,0.0,932.0,670.0,270,5.602118820879701,0.8571428571425349,0.29999999999992105,51.732763231999996
446.0,24.0,79.0,162.0,11.64,967.0,712.0,56,4.04305126783455,0.36322869955148807,0.18761384335151407,55.25460664
231.75,0.0,121.62,173.96,6.72,1056.4,778.45,56,4.04305126783455,0.750636461704099,0.3441718312249642,42.69924868
181.38,0.0,167.01,169.59,7.56,1055.6,777.8,14,2.70805020110221,0.9349983460133781,0.47937656075074503,21.601283079999998
218.23,54.64,123.78,140.75,11.91,1075.7,792.67,14,2.70805020110221,0.644961737615981,0.4498172192107779,35.9561734
277.19,97.82,24.46,160.7,11.19,1061.7,782.46,3,1.3862943611198906,0.5797467441103288,0.3061055899065497,30.44726016
277.0,0.0,0.0,191.0,0.0,968.0,856.0,14,2.70805020110221,0.6895306859203287,0.0,21.26343984
251.37,0.0,118.27,188.45,5.75,1028.4,757.73,100,4.61512051684126,0.7496916895410153,0.3199599610430906,43.58177796
427.5,47.5,0.0,228.0,0.0,932.0,594.0,270,5.602118820879701,0.5333333333332086,0.09999999999997895,43.01296026
362.6,189.0,0.0,164.9,11.6,944.7,755.8,91,4.5217885770490405,0.4547710976281151,0.3426395939085673,79.29663476
214.9,53.8,121.89,155.63,9.61,1014.3,780.58,100,4.61512051684126,0.7241973010699283,0.44980670268044504,56.63355864
359.0,19.0,141.0,154.0,10.91,942.0,801.0,7,2.0794415416798357,0.4289693593313568,0.30828516377643383,35.75425543054136
350.0,0.0,0.0,186.0,0.0,1050.0,770.0,7,2.0794415416798357,0.5314285714284196,0.0,20.27748916
166.09,0.0,163.27,176.46,4.49,1058.6,780.09,100,4.61512051684126,1.062436028658521,0.4957189701237261,33.5430074
339.0,0.0,0.0,197.0,0.0,968.0,781.0,7,2.0794415416798357,0.5811209439526309,0.0,20.96696516
385.0,0.0,0.0,186.0,0.0,966.0,763.0,7,2.0794415416798357,0.48311688311675766,0.0,23.221551679999997
153.0,102.0,0.0,192.0,0.0,888.0,943.1,90,4.51085950651685,1.2549019607834937,0.39999999999984315,26.322814728
295.8,0.0,0.0,185.7,0.0,1091.4,769.3,28,3.367295829986474,0.6277890466529318,0.0,25.216895223999998
387.0,20.0,94.0,157.0,13.93,938.0,845.0,28,3.367295829986474,0.40568475452185904,0.2275449101795953,46.68441996
173.81,93.37,159.9,172.34,9.73,1007.2,746.6,100,4.61512051684126,0.9915424889241174,0.593027067528193,50.93848688
154.0,174.0,185.0,228.0,7.0,845.0,612.0,28,3.367295829986474,1.4805194805185193,0.6998050682259844,24.3385028
300.0,0.0,0.0,184.0,0.0,1075.0,795.0,28,3.367295829986474,0.6133333333331289,0.0,26.848195439999998
379.5,151.2,0.0,153.9,15.9,1134.3,605.0,91,4.5217885770490405,0.40553359683783785,0.2849067269643329,56.49566344
116.0,173.0,0.0,192.0,0.0,909.8,891.9,28,3.367295829986474,1.6551724137916766,0.5986159169548102,22.347985588
166.8,250.2,0.0,203.5,0.0,975.6,692.6,28,3.367295829986474,1.2200239808146163,0.5999999999998561,33.947729812
277.0,0.0,0.0,191.0,0.0,968.0,856.0,3,1.3862943611198906,0.6895306859203287,0.0,11.36256448
194.68,0.0,100.52,170.17,7.48,998.0,901.8,56,4.04305126783455,0.8741010889660601,0.3405149051489362,43.388724679999996
289.0,0.0,0.0,192.0,0.0,913.2,895.3,7,2.0794415416798357,0.6643598615914657,0.0,14.596896395999998
334.0,17.6,158.0,189.0,15.3,967.0,633.0,28,3.367295829986474,0.5658682634728844,0.34458398744106267,44.32641204
313.3,262.2,0.0,175.5,8.6,1046.9,611.8,91,4.5217885770490405,0.5601659751035556,0.4556038227627357,66.59648684
238.05,0.0,94.11,186.66,7.0,949.91,847.01,100,4.61512051684126,0.7841209829864381,0.28332731213864304,44.298833
157.0,236.0,0.0,192.0,0.0,935.4,781.2,28,3.367295829986474,1.2229299363049537,0.6005089058522646,33.664355176
136.0,162.0,126.0,172.0,10.0,923.0,764.0,28,3.367295829986474,1.2647058823520114,0.6792452830187078,29.06830816
310.0,142.8,0.0,167.9,10.0,914.3,804.0,28,3.367295829986474,0.5416129032256318,0.3153710247349127,45.304778483999996
376.0,0.0,0.0,214.6,0.0,1003.5,762.36,14,2.70805020110221,0.570744680850912,0.0,25.62092816
167.0,75.4,167.0,164.03,7.91,1007.3,770.1,3,1.3862943611198906,0.9822155688616874,0.5920859794820245,15.520104759999999
375.0,93.8,0.0,126.6,23.4,852.1,992.6,3,1.3862943611198906,0.33759999999990997,0.20008532423203923,28.99936056
289.0,134.0,0.0,195.0,6.0,924.0,760.0,28,3.367295829986474,0.6747404844288323,0.31678486997628447,46.24315532
389.9,189.0,0.0,145.9,22.0,944.7,755.8,7,2.0794415416798357,0.374198512438991,0.3264812575573801,59.09498796
491.0,26.0,123.0,201.0,3.93,822.0,699.0,28,3.367295829986474,0.4093686354377985,0.23281249999996362,57.915983999999995
290.2,193.5,0.0,185.7,0.0,998.2,704.3,28,3.367295829986474,0.6399035148171468,0.4000413479428572,33.0431373
362.6,189.0,0.0,164.9,11.6,944.7,755.8,7,2.0794415416798357,0.4547710976281151,0.3426395939085673,22.89749796
194.68,0.0,100.52,170.17,7.48,998.0,901.8,3,1.3862943611198906,0.8741010889660601,0.3405149051489362,12.17614616
439.0,177.0,0.0,186.0,11.1,884.9,707.9,3,1.3862943611198906,0.423690205011293,0.28733766233761565,39.300132
259.9,100.6,78.4,170.6,10.4,935.7,762.9,28,3.367295829986474,0.6564063101190242,0.407837776258736,49.77327244
144.0,170.0,133.0,192.0,8.0,814.0,805.0,28,3.367295829986474,1.3333333333324076,0.677852348993137,29.86810032
275.0,0.0,0.0,183.0,0.0,1088.0,808.0,7,2.0794415416798357,0.6654545454543035,0.0,14.2032056
102.0,153.0,0.0,192.0,0.0,887.0,942.0,7,2.0794415416798357,1.8823529411746251,0.5999999999997647,7.675936308
198.6,132.4,0.0,192.0,0.0,978.4,825.5,28,3.367295829986474,0.9667673716007218,0.3999999999998792,28.021683592
516.0,0.0,0.0,162.0,8.26,801.0,802.0,28,3.367295829986474,0.31395348837203213,0.0,41.36856
255.5,170.3,0.0,185.7,0.0,1026.6,724.3,7,2.0794415416798357,0.7268101761249601,0.39995302959126355,17.236210524
237.5,237.5,0.0,228.0,0.0,932.0,594.0,365,5.902633333401366,0.9599999999995958,0.49999999999989475,38.995383608
475.0,118.8,0.0,181.1,8.9,852.1,781.5,91,4.5217885770490405,0.3812631578946566,0.20006736274836645,74.19451236
213.5,0.0,174.24,159.21,11.66,1043.6,771.9,3,1.3862943611198906,0.7457142857139365,0.4493732913807063,15.60973664
331.0,0.0,0.0,192.0,0.0,978.0,825.0,90,4.51085950651685,0.5800604229605498,0.0,37.231704
173.81,93.37,159.9,172.34,9.73,1007.2,746.6,14,2.70805020110221,0.9915424889241174,0.593027067528193,29.55094136
148.0,175.0,0.0,171.0,2.0,1000.0,828.0,28,3.367295829986474,1.1554054054046248,0.5417956656345072,26.91714304
321.3,164.2,0.0,190.5,4.6,870.0,774.0,28,3.367295829986474,0.5929038281977613,0.33820803295564605,57.21823428799999
153.0,102.0,0.0,192.0,0.0,888.0,943.1,7,2.0794415416798357,1.2549019607834937,0.39999999999984315,8.374375495999999
349.0,0.0,0.0,192.0,0.0,1056.0,809.0,3,1.3862943611198906,0.5501432664754871,0.0,15.87173752
212.52,0.0,100.37,159.32,8.71,1007.8,903.59,56,4.04305126783455,0.7496706192354838,0.3207836619897342,42.54756396
275.07,0.0,121.35,159.48,9.9,1053.6,777.5,14,2.70805020110221,0.5797796924417131,0.3061147268048267,38.76923548
380.0,0.0,0.0,228.0,0.0,932.0,670.0,90,4.51085950651685,0.5999999999998421,0.0,52.908319811999995
108.3,162.4,0.0,203.5,0.0,938.2,849.0,28,3.367295829986474,1.879039704522734,0.5999261174729961,20.593958644
252.31,0.0,98.75,146.25,14.17,987.76,889.01,3,1.3862943611198906,0.579644088620911,0.28129094741631594,21.78054684
349.0,0.0,0.0,192.0,0.0,1047.0,806.0,28,3.367295829986474,0.5501432664754871,0.0,32.72253096
166.09,0.0,163.27,176.46,4.49,1058.6,780.09,56,4.04305126783455,1.062436028658521,0.4957189701237261,28.62704352
362.6,189.0,0.0,164.9,11.6,944.7,755.8,91,4.5217885770490405,0.4547710976281151,0.3426395939085673,79.29663476
469.0,117.2,0.0,137.8,32.2,852.1,840.5,7,2.0794415416798357,0.29381663113000134,0.1999317639030706,54.896079119999996
284.0,15.0,141.0,179.0,5.46,842.0,801.0,7,2.0794415416798357,0.6302816901406232,0.35454545454537395,24.13166
139.6,209.4,0.0,192.0,0.0,1047.0,806.9,3,1.3862943611198906,1.3753581661881267,0.5999999999998281,8.06342182
277.19,97.82,24.46,160.7,11.19,1061.7,782.46,28,3.367295829986474,0.5797467441103288,0.3061055899065497,63.14221208
183.9,122.6,0.0,203.5,0.0,959.2,800.0,7,2.0794415416798357,1.1065796628596485,0.3999999999998695,10.787541496
313.0,161.0,0.0,178.0,10.0,917.0,759.0,28,3.367295829986474,0.5686900958464637,0.3396624472573123,52.44154456
297.16,0.0,117.54,174.8,9.52,1022.8,753.45,14,2.70805020110221,0.5882352941174491,0.28343380757167025,36.990387399999996
251.37,0.0,118.27,192.94,5.75,1043.6,754.3,14,2.70805020110221,0.7675538051474847,0.3199599610430906,20.72564856
339.2,0.0,0.0,185.7,0.0,1069.2,754.3,7,2.0794415416798357,0.547464622641348,0.0,21.179323768
166.0,260.0,0.0,183.0,13.0,859.0,827.0,28,3.367295829986474,1.102409638553553,0.6103286384975093,37.91428524
190.68,0.0,125.4,162.14,7.77,1090.0,804.01,100,4.61512051684126,0.8503251520868206,0.39673500379638166,40.56876784
238.0,0.0,0.0,186.0,0.0,1119.0,789.0,7,2.0794415416798357,0.7815126050416885,0.0,12.052040479999999
374.0,189.2,0.0,170.1,10.1,926.1,756.7,7,2.0794415416798357,0.4548128342244773,0.33593749999994027,46.20178676
210.7,316.1,0.0,185.7,0.0,977.0,689.3,28,3.367295829986474,0.881347887991988,0.6000379650720198,37.813621743999995
190.0,190.0,0.0,228.0,0.0,932.0,670.0,28,3.367295829986474,1.1999999999993685,0.49999999999986844,40.856968808
122.6,183.9,0.0,203.5,0.0,958.2,800.1,90,4.51085950651685,1.6598694942890213,0.5999999999998042,33.192064116000005
181.38,0.0,167.01,169.59,7.56,1055.6,777.8,3,1.3862943611198906,0.9349983460133781,0.47937656075074503,13.62404576
304.0,140.0,0.0,214.0,6.0,895.0,722.0,28,3.367295829986474,0.7039473684208211,0.3153153153152443,33.41890172
178.03,129.8,118.6,179.94,3.57,1007.3,746.8,28,3.367295829986474,1.010728528899056,0.5825106113545991,39.1622368
323.7,282.8,0.0,183.8,10.3,942.7,659.9,56,4.04305126783455,0.5678097003396455,0.46628194558937075,80.19984832
475.0,118.8,0.0,181.1,8.9,852.1,781.5,3,1.3862943611198906,0.3812631578946566,0.20006736274836645,37.79707432
350.0,0.0,0.0,203.0,0.0,974.0,775.0,90,4.51085950651685,0.5799999999998343,0.0,31.35047372
165.0,128.5,132.1,175.06,8.08,1005.8,746.6,56,4.04305126783455,1.060969696969054,0.6123120300750441,53.72396992
222.36,0.0,96.67,189.29,4.46,967.08,870.32,100,4.61512051684126,0.851277208130576,0.303012255900604,40.7135578
231.75,0.0,121.62,173.96,6.72,1056.4,778.45,28,3.367295829986474,0.750636461704099,0.3441718312249642,33.72916592
213.76,98.06,24.52,181.74,6.65,1066.0,785.52,28,3.367295829986474,0.8502058383229557,0.3644526372122363,40.2309246
387.0,20.0,94.0,157.0,11.61,938.0,845.0,28,3.367295829986474,0.40568475452185904,0.2275449101795953,46.68441996
239.6,359.4,0.0,185.7,0.0,941.6,664.3,28,3.367295829986474,0.7750417362267216,0.5999999999998997,39.435269296
313.3,262.2,0.0,175.5,8.6,1046.9,611.8,28,3.367295829986474,0.5601659751035556,0.4556038227627357,59.79825348
160.0,188.0,146.0,203.0,11.0,829.0,710.0,28,3.367295829986474,1.2687499999992071,0.6761133603237498,32.83974188
424.0,22.0,132.0,168.0,8.92,822.0,750.0,3,1.3862943611198906,0.39622641509424616,0.26643598615912345,32.109882284729316
193.5,290.2,0.0,185.7,0.0,998.2,704.3,7,2.0794415416798357,0.9596899224801242,0.5999586520569361,17.200357771999997
522.0,0.0,0.0,146.0,0.0,896.0,896.0,7,2.0794415416798357,0.2796934865899847,0.0,50.511011759999995
425.0,106.3,0.0,153.5,16.5,852.1,887.1,28,3.367295829986474,0.36117647058815033,0.2000752870317711,60.2946762
374.0,189.2,0.0,170.1,10.1,926.1,756.7,28,3.367295829986474,0.4548128342244773,0.33593749999994027,61.09446836
446.0,24.0,79.0,162.0,11.64,967.0,712.0,28,3.367295829986474,0.36322869955148807,0.18761384335151407,51.021224
310.0,0.0,0.0,192.0,0.0,1012.0,830.0,28,3.367295829986474,0.6193548387094776,0.0,27.827251359999998
198.6,132.4,0.0,192.0,0.0,978.4,825.5,3,1.3862943611198906,0.9667673716007218,0.3999999999998792,9.131420144
250.2,166.8,0.0,203.5,0.0,977.6,694.1,3,1.3862943611198906,0.8133493205432402,0.3999999999999041,9.731264264
153.1,145.0,113.0,178.5,8.0,867.2,824.0,28,3.367295829986474,1.165904637491074,0.6275845293114504,26.233182848000002
218.85,0.0,124.13,158.49,11.33,1078.7,794.91,3,1.3862943611198906,0.7241946538721846,0.3619161467139886,15.340841
212.0,0.0,124.78,159.0,7.84,1085.4,799.54,100,4.61512051684126,0.7499999999996463,0.3705089375852573,47.8151606
349.0,0.0,0.0,192.0,0.0,1047.0,806.9,3,1.3862943611198906,0.5501432664754871,0.0,15.049192651999999
213.5,0.0,174.24,154.61,11.66,1052.3,775.48,3,1.3862943611198906,0.7241686182666398,0.4493732913807063,17.36790044
194.68,0.0,100.52,165.62,7.48,1006.4,905.9,14,2.70805020110221,0.8507294020953099,0.3405149051489362,24.986610239999997
531.3,0.0,0.0,141.8,28.2,852.1,893.7,7,2.0794415416798357,0.26689252776204275,0.0,46.89815752
276.0,116.0,90.0,180.0,9.0,870.0,768.0,28,3.367295829986474,0.652173913043242,0.4273858921160939,44.27814872
310.0,0.0,0.0,192.0,0.0,1012.0,830.0,3,1.3862943611198906,0.6193548387094776,0.0,11.85209244
385.0,0.0,0.0,186.0,0.0,966.0,763.0,28,3.367295829986474,0.48311688311675766,0.0,31.35047372
212.57,0.0,100.39,159.35,10.37,1003.8,903.79,100,4.61512051684126,0.7496354142161408,0.32077581799580757,47.739318239999996
194.68,0.0,100.52,170.17,7.48,998.0,901.8,28,3.367295829986474,0.8741010889660601,0.3405149051489362,37.2661778
122.6,183.9,0.0,203.5,0.0,958.2,800.1,3,1.3862943611198906,1.6598694942890213,0.5999999999998042,3.31982694
277.05,0.0,97.39,160.6,11.83,973.9,875.61,3,1.3862943611198906,0.5796787583466595,0.2600950753123972,23.13881456
297.16,0.0,117.54,174.8,9.52,1022.8,753.45,28,3.367295829986474,0.5882352941174491,0.28343380757167025,47.401475
236.0,0.0,0.0,193.0,0.0,968.0,885.0,7,2.0794415416798357,0.8177966101691451,0.0,9.99050724
160.2,188.0,146.4,203.2,11.3,828.7,709.7,28,3.367295829986474,1.2684144818968364,0.6761019005255405,35.314271244
425.0,106.3,0.0,153.5,16.5,852.1,887.1,56,4.04305126783455,0.36117647058815033,0.2000752870317711,64.30053176
388.6,97.1,0.0,157.9,12.1,852.1,925.7,28,3.367295829986474,0.40633041688100713,0.19991764463656578,50.69717028
525.0,0.0,0.0,189.0,0.0,1125.0,613.0,14,2.70805020110221,0.3599999999999314,0.0,48.401215199999996
326.0,166.0,0.0,174.0,9.0,882.0,790.0,28,3.367295829986474,0.5337423312881798,0.3373983739836713,61.232363559999996
332.5,142.5,0.0,228.0,0.0,932.0,594.0,180,5.198497031265826,0.6857142857140796,0.2999999999999369,39.779317819999996
213.5,0.0,174.24,154.61,11.66,1052.3,775.48,100,4.61512051684126,0.7241686182666398,0.4493732913807063,59.30183076
154.8,0.0,142.8,193.3,9.1,1047.4,696.7,28,3.367295829986474,1.2487080103351107,0.4798387096772581,12.459520796
425.0,106.3,0.0,151.4,18.6,936.0,803.7,56,4.04305126783455,0.3562352941175633,0.2000752870317711,64.90037588
251.37,0.0,118.27,192.94,5.75,1043.6,754.3,100,4.61512051684126,0.7675538051474847,0.3199599610430906,40.14818748
234.0,156.0,0.0,189.0,5.85,981.0,760.0,28,3.367295829986474,0.8076923076919625,0.39999999999989744,39.300132
102.0,153.0,0.0,192.0,0.0,887.0,942.0,90,4.51085950651685,1.8823529411746251,0.5999999999997647,25.460969728000002
249.1,0.0,98.75,158.11,12.8,987.76,889.01,14,2.70805020110221,0.6347250100358753,0.28388673278703924,28.6822016
475.0,0.0,0.0,228.0,0.0,932.0,594.0,180,5.198497031265826,0.47999999999989895,0.0,42.620648416
151.0,0.0,184.0,167.0,12.0,991.0,772.0,28,3.367295829986474,1.1059602648999298,0.5492537313431196,15.568368079999999
149.5,236.0,0.0,175.8,12.6,846.8,892.7,28,3.367295829986474,1.1759197324406852,0.6121919584953016,32.96384756
305.0,0.0,100.0,196.0,10.0,959.0,705.0,28,3.367295829986474,0.6426229508194614,0.24691358024685262,30.12320644
165.0,128.5,132.1,175.06,8.08,1005.8,746.6,3,1.3862943611198906,1.060969696969054,0.6123120300750441,19.41564416
480.0,0.0,0.0,192.0,0.0,936.2,712.2,28,3.367295829986474,0.3999999999999167,0.0,43.942373908
313.0,145.0,0.0,178.0,8.0,867.0,824.0,28,3.367295829986474,0.5686900958464637,0.316593886462813,44.38846488
475.0,0.0,0.0,228.0,0.0,932.0,594.0,90,4.51085950651685,0.47999999999989895,0.0,42.229026048
362.6,189.0,0.0,164.9,11.6,944.7,755.8,91,4.5217885770490405,0.4547710976281151,0.3426395939085673,79.29663476
238.05,0.0,94.11,186.66,7.0,949.91,847.01,14,2.70805020110221,0.7841209829864381,0.28332731213864304,25.68987576
313.3,0.0,113.0,178.5,8.0,1001.9,688.7,28,3.367295829986474,0.5697414618574626,0.26507154585966103,36.804918356
108.3,162.4,0.0,203.5,0.0,938.2,849.0,7,2.0794415416798357,1.879039704522734,0.5999261174729961,7.723510152
331.0,0.0,0.0,192.0,0.0,978.0,825.0,7,2.0794415416798357,0.5800604229605498,0.0,16.26473884
149.0,118.0,92.0,183.0,7.0,953.0,780.0,28,3.367295829986474,1.2281879194622631,0.584958217270032,23.51802636
379.5,151.2,0.0,153.9,15.9,1134.3,605.0,56,4.04305126783455,0.40553359683783785,0.2849067269643329,54.896079119999996
181.38,0.0,167.01,169.59,7.56,1055.6,777.8,56,4.04305126783455,0.9349983460133781,0.47937656075074503,35.570066839999996
225.0,0.0,0.0,181.0,0.0,1113.0,833.0,28,3.367295829986474,0.8044444444440869,0.0,17.3403214
381.4,0.0,0.0,185.7,0.0,1104.6,784.3,28,3.367295829986474,0.4868904037754361,0.0,22.489328168
382.0,0.0,0.0,186.0,0.0,1111.0,784.0,7,2.0794415416798357,0.48691099476427047,0.0,11.46598588
342.0,38.0,0.0,228.0,0.0,932.0,670.0,365,5.902633333401366,0.6666666666664718,0.0999999999999737,56.141962252
318.8,212.5,0.0,155.7,14.3,852.1,880.4,28,3.367295829986474,0.48839397741515417,0.39996235648402034,55.495923239999996
249.1,0.0,98.75,158.11,12.8,987.76,889.01,56,4.04305126783455,0.6347250100358753,0.28388673278703924,42.030456959999995
212.52,0.0,100.37,159.32,8.71,1007.8,903.59,14,2.70805020110221,0.7496706192354838,0.3207836619897342,26.310404159999997
143.6,0.0,174.9,158.4,17.9,942.7,844.5,28,3.367295829986474,1.1030640668515996,0.5491365777078339,15.42357812
164.6,0.0,150.4,181.6,11.7,1023.3,728.9,28,3.367295829986474,1.1032806804367539,0.47746031746016593,18.033934256
233.81,0.0,94.58,197.89,4.567,947.04,852.16,14,2.70805020110221,0.8463709849874486,0.28801120618767684,22.13907436
337.9,189.0,0.0,174.9,9.5,944.7,755.8,7,2.0794415416798357,0.517608759988009,0.3587018409564702,35.101223159999996
350.0,0.0,0.0,186.0,0.0,1050.0,770.0,28,3.367295829986474,0.5314285714284196,0.0,34.29453624
236.0,0.0,0.0,194.0,0.0,968.0,885.0,14,2.70805020110221,0.8220338983047365,0.0,12.83804312
439.0,177.0,0.0,186.0,11.1,884.9,707.9,91,4.5217885770490405,0.423690205011293,0.28733766233761565,73.29819356
290.35,0.0,96.18,168.08,9.41,961.18,865.0,28,3.367295829986474,0.5788875495090137,0.24882932760710713,34.73580088
349.0,0.0,0.0,192.0,0.0,1047.0,806.0,90,4.51085950651685,0.5501432664754871,0.0,39.48629052
397.0,0.0,0.0,186.0,0.0,1040.0,734.0,28,3.367295829986474,0.4685138539041641,0.0,36.93522932
540.0,0.0,0.0,173.0,0.0,1125.0,613.0,90,4.51085950651685,0.320370370370311,0.0,69.65776027999999
141.3,212.0,0.0,203.5,0.0,971.8,748.5,90,4.51085950651685,1.4401981599423637,0.6000566091138976,39.6621069
349.0,0.0,0.0,192.0,0.0,1047.0,806.0,360,5.8888779583328805,0.5501432664754871,0.0,42.126983599999996
202.0,11.0,141.0,206.0,1.72,942.0,801.0,7,2.0794415416798357,1.0198019801975151,0.4293785310733251,15.069975430541358
218.85,0.0,124.13,158.49,11.33,1078.7,794.91,56,4.04305126783455,0.7241946538721846,0.3619161467139886,37.2661778
427.5,47.5,0.0,228.0,0.0,932.0,594.0,7,2.0794415416798357,0.5333333333332086,0.09999999999997895,35.076402024
139.9,132.6,103.3,200.3,7.4,916.0,753.4,28,3.367295829986474,1.4317369549668109,0.6277275146352773,36.443632932
362.6,189.0,0.0,164.9,11.6,944.7,755.8,56,4.04305126783455,0.4547710976281151,0.3426395939085673,77.29715436
284.0,119.7,0.0,168.3,7.2,970.4,794.2,28,3.367295829986474,0.5926056338026083,0.29650730740641656,40.934879596
531.3,0.0,0.0,141.8,28.2,852.1,893.7,91,4.5217885770490405,0.26689252776204275,0.0,59.19840936
139.6,209.4,0.0,192.0,0.0,1047.0,806.9,90,4.51085950651685,1.3753581661881267,0.5999999999998281,39.358047983999995
424.0,22.0,132.0,178.0,8.48,822.0,750.0,56,4.04305126783455,0.41981132075461797,0.26643598615912345,65.69721314581203
237.5,237.5,0.0,228.0,0.0,932.0,594.0,7,2.0794415416798357,0.9599999999995958,0.49999999999989475,26.258003984
355.9,0.0,141.6,193.3,11.0,801.4,778.4,28,3.367295829986474,0.5431300927225224,0.2846231155778322,40.8686899
313.0,0.0,113.0,178.0,8.0,1002.0,689.0,28,3.367295829986474,0.5686900958464637,0.26525821596237903,36.80422888
202.0,11.0,141.0,206.0,1.72,942.0,801.0,28,3.367295829986474,1.0198019801975151,0.4293785310733251,21.96670536
116.0,173.0,0.0,192.0,0.0,909.8,891.9,7,2.0794415416798357,1.6551724137916766,0.5986159169548102,10.089791784
446.0,24.0,79.0,162.0,11.64,967.0,712.0,7,2.0794415416798357,0.36322869955148807,0.18761384335151407,39.300132
251.37,0.0,118.27,188.45,6.35,1028.4,757.73,100,4.61512051684126,0.7496916895410153,0.3199599610430906,44.209201119999996
500.0,0.0,0.0,200.0,0.0,1125.0,613.0,14,2.70805020110221,0.39999999999992003,0.0,36.93522932
265.0,111.0,86.0,195.0,6.0,833.0,790.0,28,3.367295829986474,0.735849056603496,0.42640692640683414,41.540929
167.95,42.08,163.83,121.75,5.72,1058.7,780.11,14,2.70805020110221,0.7249181303955197,0.5507676670409911,17.8229546
380.0,95.0,0.0,228.0,0.0,932.0,594.0,270,5.602118820879701,0.5999999999998421,0.1999999999999579,41.15137506
310.0,0.0,0.0,192.0,0.0,970.0,850.0,180,5.198497031265826,0.6193548387094776,0.0,37.32823064
173.54,50.05,173.53,164.77,6.47,1006.2,793.5,28,3.367295829986474,0.9494641004950161,0.5630036261078356,38.20386516
151.8,178.1,138.7,167.5,18.3,944.0,694.6,28,3.367295829986474,1.103425559946572,0.6760563380280247,36.349864196
214.9,53.8,121.89,155.63,9.61,1014.3,780.58,3,1.3862943611198906,0.7241973010699283,0.44980670268044504,18.01600788
213.72,98.05,24.51,181.71,6.86,1065.8,785.38,3,1.3862943611198906,0.8502245929249251,0.36445818960379317,17.9953236
332.5,142.5,0.0,228.0,0.0,932.0,594.0,90,4.51085950651685,0.6857142857140796,0.2999999999999369,37.721921436
288.0,192.0,0.0,192.0,0.0,932.0,717.8,3,1.3862943611198906,0.6666666666664353,0.3999999999999167,16.10960674
155.6,243.5,0.0,180.3,10.7,1022.0,697.7,28,3.367295829986474,1.1587403598964277,0.6101227762464019,37.363393916
376.0,0.0,0.0,214.6,0.0,1003.5,762.36,3,1.3862943611198906,0.570744680850912,0.0,16.27852836
194.68,0.0,100.52,170.17,7.48,998.0,901.8,100,4.61512051684126,0.8741010889660601,0.3405149051489362,44.27814872
298.1,0.0,107.0,186.4,6.1,879.0,815.2,28,3.367295829986474,0.6252935256623195,0.26413231300906836,42.6440906
153.0,145.0,113.0,178.0,8.0,867.0,824.0,28,3.367295829986474,1.1633986928096973,0.6277372262772195,26.22766704
349.0,0.0,0.0,192.0,0.0,1056.0,809.0,90,4.51085950651685,0.5501432664754871,0.0,40.65839972
540.0,0.0,0.0,173.0,0.0,1125.0,613.0,270,5.602118820879701,0.320370370370311,0.0,74.16693332
194.68,0.0,100.52,165.62,7.48,1006.4,905.9,3,1.3862943611198906,0.8507294020953099,0.3405149051489362,12.45193656
262.0,111.0,86.0,195.0,5.0,895.0,733.0,28,3.367295829986474,0.7442748091600213,0.4291938997820416,33.7153764
145.0,0.0,134.0,181.0,11.0,979.0,812.0,28,3.367295829986474,1.2482758620681047,0.4802867383510824,13.19657064
491.0,26.0,123.0,210.0,3.93,882.0,699.0,56,4.04305126783455,0.42769857433799846,0.23281249999996362,59.590425715270676
287.3,120.5,93.9,187.6,9.2,904.4,695.9,28,3.367295829986474,0.6529759832924981,0.4273470201314675,43.798273423999994
298.0,0.0,107.0,210.0,11.0,880.0,744.0,28,3.367295829986474,0.7046979865769447,0.2641975308641323,31.874475479999997
203.5,135.7,0.0,185.7,0.0,1076.2,759.3,28,3.367295829986474,0.9125307125302641,0.400058962264033,22.629981272
317.9,0.0,126.5,209.7,5.7,860.5,736.6,28,3.367295829986474,0.6596413966654107,0.2846534653464706,40.062002979999995
102.0,153.0,0.0,192.0,0.0,887.0,942.0,28,3.367295829986474,1.8823529411746251,0.5999999999997647,17.275510655999998
374.0,189.2,0.0,170.1,10.1,926.1,756.7,91,4.5217885770490405,0.4548128342244773,0.33593749999994027,64.90037588
349.0,0.0,0.0,192.0,0.0,1056.0,809.0,7,2.0794415416798357,0.5501432664754871,0.0,9.011451319999999
362.6,189.0,0.0,164.9,11.6,944.7,755.8,56,4.04305126783455,0.4547710976281151,0.3426395939085673,77.29715436
305.3,203.5,0.0,203.5,0.0,965.4,631.0,90,4.51085950651685,0.6665574844413146,0.39996069182382077,54.598914963999995
331.0,0.0,0.0,192.0,0.0,1025.0,821.0,120,4.795790545596741,0.5800604229605498,0.0,39.382869119999995
331.0,0.0,0.0,192.0,0.0,978.0,825.0,28,3.367295829986474,0.5800604229605498,0.0,31.44700036
362.6,189.0,0.0,164.9,11.6,944.7,755.8,7,2.0794415416798357,0.4547710976281151,0.3426395939085673,55.89581932
167.95,42.08,163.83,121.75,5.72,1058.7,780.11,28,3.367295829986474,0.7249181303955197,0.5507676670409911,24.24197616
122.6,183.9,0.0,203.5,0.0,958.2,800.1,7,2.0794415416798357,1.6598694942890213,0.5999999999998042,10.354550567999999
425.0,106.3,0.0,153.5,16.5,852.1,887.1,7,2.0794415416798357,0.36117647058815033,0.2000752870317711,49.20100736
178.03,129.8,118.6,179.94,3.57,1007.3,746.8,14,2.70805020110221,1.010728528899056,0.5825106113545991,34.23937816
165.0,0.02,143.57,163.81,0.0,1005.6,900.9,14,2.70805020110221,0.9927878787872771,0.46530995819680954,16.87837248
296.0,0.0,0.0,192.0,0.0,1085.0,765.0,7,2.0794415416798357,0.6486486486484295,0.0,14.2032056
381.4,0.0,0.0,185.7,0.0,1104.6,784.3,7,2.0794415416798357,0.4868904037754361,0.0,14.54104884
310.0,0.0,0.0,192.0,0.0,970.0,850.0,28,3.367295829986474,0.6193548387094776,0.0,27.923778
173.0,116.0,0.0,192.0,0.0,946.8,856.8,3,1.3862943611198906,1.1098265895947343,0.40138408304484385,6.940954892
425.0,106.3,0.0,151.4,18.6,936.0,803.7,28,3.367295829986474,0.3562352941175633,0.2000752870317711,61.797733879999996
304.0,76.0,0.0,228.0,0.0,932.0,670.0,90,4.51085950651685,0.7499999999997533,0.1999999999999474,49.185149411999994
401.8,94.7,0.0,147.4,11.4,946.8,852.1,56,4.04305126783455,0.3668491786957773,0.1907351460221167,73.69808963999999
356.0,119.0,0.0,160.0,9.03,1061.0,657.0,28,3.367295829986474,0.44943820224706477,0.250526315789421,58.99846132
154.8,0.0,142.8,193.3,9.1,877.2,867.7,28,3.367295829986474,1.2487080103351107,0.4798387096772581,9.738159024
212.07,0.0,121.62,180.31,5.69,1057.6,779.32,56,4.04305126783455,0.8502381289192955,0.36447001708161336,34.20490436
305.3,203.5,0.0,203.5,0.0,965.4,631.0,7,2.0794415416798357,0.6665574844413146,0.39996069182382077,25.893960655999997
136.0,196.0,98.0,199.0,6.0,847.0,783.0,28,3.367295829986474,1.4632352941165714,0.6837209302323991,26.96540636
302.0,0.0,0.0,203.0,0.0,974.0,817.0,14,2.70805020110221,0.6721854304633537,0.0,18.12632404
266.0,114.0,0.0,228.0,0.0,932.0,670.0,28,3.367295829986474,0.8571428571425349,0.29999999999992105,45.854290856
289.0,133.7,0.0,194.9,5.5,924.1,760.1,28,3.367295829986474,0.6743944636675868,0.3162999763424849,46.247292176
237.5,237.5,0.0,228.0,0.0,932.0,594.0,28,3.367295829986474,0.9599999999995958,0.49999999999989475,30.079769451999997
173.81,93.37,159.9,172.34,9.73,1007.2,746.6,56,4.04305126783455,0.9915424889241174,0.593027067528193,48.9872698
183.9,122.6,0.0,203.5,0.0,959.2,800.0,3,1.3862943611198906,1.1065796628596485,0.3999999999998695,4.9035533120000006
250.0,0.0,95.69,187.42,5.53,956.86,861.17,100,4.61512051684126,0.7496799999997001,0.2768087014376242,42.347615919999996
290.35,0.0,96.18,168.08,9.41,961.18,865.0,100,4.61512051684126,0.5788875495090137,0.24882932760710713,48.97348028
339.0,0.0,0.0,185.0,0.0,1069.0,754.0,28,3.367295829986474,0.5457227138641458,0.0,31.84000168
228.0,342.1,0.0,185.7,0.0,955.8,674.3,28,3.367295829986474,0.8144736842101691,0.6000701631291703,39.699338604
307.0,0.0,0.0,193.0,0.0,968.0,812.0,3,1.3862943611198906,0.6286644951138017,0.0,12.541568439999999
297.0,0.0,0.0,186.0,0.0,1040.0,734.0,7,2.0794415416798357,0.6262626262624155,0.0,30.9574724
500.0,0.0,0.0,200.0,0.0,1125.0,613.0,28,3.367295829986474,0.39999999999992003,0.0,44.0919902
212.57,0.0,100.39,159.35,10.37,1003.8,903.79,56,4.04305126783455,0.7496354142161408,0.32077581799580757,44.395359639999995
236.0,0.0,0.0,193.0,0.0,968.0,885.0,365,5.902633333401366,0.8177966101691451,0.0,25.083136879999998
168.88,42.22,124.25,158.33,10.83,1080.8,796.15,56,4.04305126783455,0.9375296068208567,0.49640673922752454,39.14844728
190.34,0.0,125.18,166.61,9.88,1079.0,798.9,3,1.3862943611198906,0.8753283597767809,0.3967418864096106,12.5484632
318.8,212.5,0.0,155.7,14.3,852.1,880.4,56,4.04305126783455,0.48839397741515417,0.39996235648402034,66.10006412
525.0,0.0,0.0,189.0,0.0,1125.0,613.0,90,4.51085950651685,0.3599999999999314,0.0,58.78472376
400.0,0.0,0.0,187.0,0.0,1025.0,745.0,7,2.0794415416798357,0.4674999999998831,0.0,30.143890719999998
164.0,163.0,128.0,197.0,8.0,961.0,641.0,28,3.367295829986474,1.2012195121943896,0.6395604395602991,27.234302
393.0,0.0,0.0,192.0,0.0,940.6,785.6,7,2.0794415416798357,0.4885496183204864,0.0,27.742445811999996
322.0,0.0,0.0,203.0,0.0,974.0,800.0,28,3.367295829986474,0.6304347826084999,0.0,25.17966352
387.0,20.0,94.0,157.0,14.32,938.0,845.0,3,1.3862943611198906,0.40568475452185904,0.2275449101795953,22.752708
250.2,166.8,0.0,203.5,0.0,977.6,694.1,28,3.367295829986474,0.8133493205432402,0.3999999999999041,36.964187312
388.6,97.1,0.0,157.9,12.1,852.1,925.7,56,4.04305126783455,0.40633041688100713,0.19991764463656578,55.19944856
425.0,106.3,0.0,153.5,16.5,852.1,887.1,56,4.04305126783455,0.36117647058815033,0.2000752870317711,64.30053176
540.0,0.0,0.0,173.0,0.0,1125.0,613.0,7,2.0794415416798357,0.320370370370311,0.0,52.61391356
314.0,145.3,113.2,178.9,8.0,869.1,690.2,28,3.367295829986474,0.5697452229297549,0.45152838427939707,46.234192132
349.0,0.0,0.0,192.0,0.0,1047.0,806.0,3,1.3862943611198906,0.5501432664754871,0.0,14.98920824
108.3,162.4,0.0,203.5,0.0,938.2,849.0,90,4.51085950651685,1.879039704522734,0.5999261174729961,29.231713971999998
213.74,0.0,174.74,154.79,10.16,1053.5,776.35,100,4.61512051684126,0.7241976232802825,0.4498043657329979,50.07664188
173.54,50.05,173.53,164.77,6.47,1006.2,793.5,100,4.61512051684126,0.9494641004950161,0.5630036261078356,56.061293559999996
252.31,0.0,98.75,146.25,14.17,987.76,889.01,14,2.70805020110221,0.579644088620911,0.28129094741631594,42.29245784
222.36,0.0,96.67,189.29,4.46,967.08,870.32,28,3.367295829986474,0.851277208130576,0.303012255900604,24.8900836
425.0,106.3,0.0,153.5,16.5,852.1,887.1,28,3.367295829986474,0.36117647058815033,0.2000752870317711,60.2946762
153.0,145.0,0.0,178.0,8.0,1000.0,822.0,28,3.367295829986474,1.1633986928096973,0.48657718120789045,19.00885332
236.0,0.0,0.0,194.0,0.0,968.0,885.0,90,4.51085950651685,0.8220338983047365,0.0,21.946021079999998
375.0,93.8,0.0,126.6,23.4,852.1,992.6,56,4.04305126783455,0.33759999999990997,0.20008532423203923,60.19814956
141.9,166.6,129.7,173.5,10.9,882.6,785.3,28,3.367295829986474,1.2226920366446634,0.6761752624370889,44.61185510399999
194.68,0.0,100.52,165.62,7.48,1006.4,905.9,56,4.04305126783455,0.8507294020953099,0.3405149051489362,33.963587759999996
236.0,0.0,0.0,193.0,0.0,968.0,885.0,180,5.198497031265826,0.8177966101691451,0.0,24.104080959999997
251.37,0.0,118.27,188.45,6.35,1028.4,757.73,3,1.3862943611198906,0.7496916895410153,0.3199599610430906,13.12072828
182.04,45.21,121.97,170.21,8.19,1059.4,780.65,100,4.61512051684126,0.9350142825747447,0.4787240135156982,48.67011084
250.0,180.0,95.0,159.0,9.45,860.0,800.0,28,3.367295829986474,0.6359999999997457,0.523809523809424,67.86512268
469.0,117.2,0.0,137.8,32.2,852.1,840.5,28,3.367295829986474,0.29381663113000134,0.1999317639030706,66.89985628
337.9,189.0,0.0,174.9,9.5,944.7,755.8,91,4.5217885770490405,0.517608759988009,0.3587018409564702,67.79617508
190.68,0.0,125.4,162.14,7.77,1090.0,804.01,56,4.04305126783455,0.8503251520868206,0.39673500379638166,35.34253976
167.0,75.4,167.0,164.03,7.91,1007.3,770.1,28,3.367295829986474,0.9822155688616874,0.5920859794820245,41.40992856
238.05,0.0,94.11,186.66,7.0,949.91,847.01,28,3.367295829986474,0.7841209829864381,0.28332731213864304,30.2335226
250.0,0.0,95.69,191.84,5.33,948.9,857.2,3,1.3862943611198906,0.7673599999996931,0.2768087014376242,8.48744956
382.0,0.0,0.0,185.0,0.0,1047.0,739.0,28,3.367295829986474,0.48429319371715074,0.0,37.42475728
500.0,0.0,0.0,200.0,0.0,1125.0,613.0,90,4.51085950651685,0.39999999999992003,0.0,47.22221124
312.9,160.5,0.0,177.6,9.6,916.6,759.5,28,3.367295829986474,0.5675934803449768,0.3390367553864937,52.446370892
540.0,0.0,0.0,173.0,0.0,1125.0,613.0,3,1.3862943611198906,0.320370370370311,0.0,41.63745564
162.0,207.0,172.0,216.0,10.0,822.0,638.0,28,3.367295829986474,1.3333333333325104,0.7005545286505174,39.84481804
362.6,189.0,0.0,164.9,11.6,944.7,755.8,28,3.367295829986474,0.4547710976281151,0.3426395939085673,71.29871315999999
375.0,0.0,0.0,186.0,0.0,1038.0,758.0,7,2.0794415416798357,0.49599999999986777,0.0,26.0621928
285.0,190.0,0.0,163.0,7.6,1031.0,685.0,28,3.367295829986474,0.5719298245612029,0.3999999999999158,53.57917996
236.9,91.7,71.5,246.9,6.0,852.9,695.4,28,3.367295829986474,1.0422119037564195,0.4078980254935246,28.629801423999997
252.0,0.0,0.0,185.0,0.0,1111.0,784.0,28,3.367295829986474,0.7341269841266929,0.0,19.691434559999998
349.0,0.0,0.0,192.0,0.0,1056.0,809.0,120,4.795790545596741,0.5501432664754871,0.0,40.85834776
148.1,0.0,136.6,158.1,16.1,1001.8,830.1,28,3.367295829986474,1.0675219446312847,0.47980330172094143,17.959470848000002
166.09,0.0,163.27,176.46,4.49,1058.6,780.09,3,1.3862943611198906,1.062436028658521,0.4957189701237261,10.76272036
250.0,0.0,0.0,182.0,0.0,1100.0,820.0,7,2.0794415416798357,0.7279999999997089,0.0,12.73462172
152.7,144.7,0.0,178.1,8.0,999.7,822.2,28,3.367295829986474,1.1663392272421964,0.48655010087407985,19.009542795999998
296.0,0.0,0.0,192.0,0.0,1085.0,765.0,90,4.51085950651685,0.6486486486484295,0.0,29.39236188
326.0,0.0,138.0,199.0,11.0,801.0,792.0,28,3.367295829986474,0.6104294478525735,0.29741379310338417,40.679083999999996
149.0,117.6,91.7,182.9,7.1,953.4,780.3,28,3.367295829986474,1.2275167785226662,0.5841473625451901,23.524231644
307.0,0.0,0.0,193.0,0.0,968.0,812.0,28,3.367295829986474,0.6286644951138017,0.0,27.53077668
261.0,100.0,78.0,201.0,9.0,864.0,761.0,28,3.367295829986474,0.7701149425284406,0.4054669703871514,32.39847724
255.0,99.0,77.0,189.0,6.0,919.0,749.0,28,3.367295829986474,0.7411764705879447,0.40835266821336236,33.79811352
528.0,0.0,0.0,185.0,6.86,920.0,720.0,28,3.367295829986474,0.3503787878787215,0.0,56.83350668
132.0,206.5,160.9,178.9,5.5,866.9,735.6,28,3.367295829986474,1.3553030303020037,0.7356828193831126,33.306517131999996
424.0,22.0,132.0,168.0,8.92,822.0,750.0,28,3.367295829986474,0.39622641509424616,0.26643598615912345,72.09850532
212.0,0.0,124.78,159.0,7.84,1085.4,799.54,56,4.04305126783455,0.7499999999996463,0.3705089375852573,45.08483564
298.0,0.0,107.0,186.0,6.0,879.0,815.0,28,3.367295829986474,0.624161073825294,0.2641975308641323,42.63719584
250.0,0.0,95.69,191.84,5.33,948.9,857.2,28,3.367295829986474,0.7673599999996931,0.2768087014376242,27.22051248
387.0,20.0,94.0,157.0,11.61,938.0,845.0,56,4.04305126783455,0.40568475452185904,0.2275449101795953,61.45989064
439.0,177.0,0.0,186.0,11.1,884.9,707.9,7,2.0794415416798357,0.423690205011293,0.28733766233761565,56.095767359999996
212.0,141.3,0.0,203.5,0.0,973.4,750.0,3,1.3862943611198906,0.9599056603769057,0.3999433908858195,6.8085755
213.72,98.05,24.51,181.71,6.86,1065.8,785.38,56,4.04305126783455,0.8502245929249251,0.36445818960379317,50.77301264
155.0,183.0,0.0,193.0,9.0,877.0,868.0,28,3.367295829986474,1.2451612903217775,0.541420118343035,23.786922
236.0,0.0,0.0,194.0,0.0,968.0,885.0,28,3.367295829986474,0.8220338983047365,0.0,18.415903959999998
236.0,157.0,0.0,192.0,0.0,972.6,749.1,7,2.0794415416798357,0.8135593220335536,0.3994910941474811,20.416073836
218.85,0.0,124.13,158.49,11.33,1078.7,794.91,100,4.61512051684126,0.7241946538721846,0.3619161467139886,46.2293658
159.8,250.0,0.0,168.4,12.2,1049.3,688.2,28,3.367295829986474,1.0538172715888274,0.6100536847241068,39.455953576
296.0,0.0,107.0,221.0,11.0,819.0,778.0,28,3.367295829986474,0.7466216216213695,0.2655086848634577,31.419421319999998
213.72,98.05,24.51,181.71,6.86,1065.8,785.38,100,4.61512051684126,0.8502245929249251,0.36445818960379317,53.90323368
525.0,0.0,0.0,189.0,0.0,1125.0,613.0,7,2.0794415416798357,0.3599999999999314,0.0,42.42345828
166.8,250.2,0.0,203.5,0.0,975.6,692.6,7,2.0794415416798357,1.2200239808146163,0.5999999999998561,15.748321315999998
251.81,0.0,99.94,146.14,12.35,1006.0,899.76,56,4.04305126783455,0.580358206584099,0.2841222459132099,44.14025352
141.3,212.0,0.0,203.5,0.0,971.8,748.5,28,3.367295829986474,1.4401981599423637,0.6000566091138976,29.89223198
172.38,13.61,172.37,156.76,4.14,1006.3,856.4,3,1.3862943611198906,0.9093862397024542,0.5189753320681664,21.29101888
184.0,86.0,190.0,213.0,6.0,923.0,623.0,28,3.367295829986474,1.1576086956515448,0.5999999999998695,22.93197176
173.0,116.0,0.0,192.0,0.0,946.8,856.8,90,4.51085950651685,1.1098265895947343,0.40138408304484385,32.102692036
277.19,97.82,24.46,160.7,11.19,1061.7,782.46,100,4.61512051684126,0.5797467441103288,0.3061055899065497,66.9481196
212.52,0.0,100.37,159.32,8.71,1007.8,903.59,100,4.61512051684126,0.7496706192354838,0.3207836619897342,42.919881
281.0,0.0,0.0,186.0,0.0,1104.0,774.0,7,2.0794415416798357,0.6619217081848179,0.0,14.49968028
200.0,0.0,0.0,180.0,0.0,1125.0,845.0,7,2.0794415416798357,0.89999999999955,0.0,7.8393421199999995
325.0,0.0,0.0,184.0,0.0,1063.0,783.0,28,3.367295829986474,0.5661538461536719,0.0,30.57136584
251.37,0.0,118.27,188.45,6.35,1028.4,757.73,56,4.04305126783455,0.7496916895410153,0.3199599610430906,36.63875464
376.0,0.0,0.0,214.6,0.0,1003.5,762.36,28,3.367295829986474,0.570744680850912,0.0,31.971002119999998
516.0,0.0,0.0,162.0,8.2,801.0,802.0,28,3.367295829986474,0.31395348837203213,0.0,41.36856
167.95,42.08,163.83,121.75,5.72,1058.7,780.11,3,1.3862943611198906,0.7249181303955197,0.5507676670409911,7.74971024
374.3,0.0,0.0,190.2,6.7,1013.2,730.4,28,3.367295829986474,0.5081485439485685,0.0,39.056057496
280.0,129.0,100.0,172.0,9.0,825.0,805.0,28,3.367295829986474,0.6142857142854949,0.44990176817279964,52.82075636
446.0,24.0,79.0,162.0,11.64,967.0,712.0,28,3.367295829986474,0.36322869955148807,0.18761384335151407,44.42293868
213.74,0.0,174.74,154.79,10.16,1053.5,776.35,56,4.04305126783455,0.7241976232802825,0.4498043657329979,46.6430514
491.0,26.0,123.0,201.0,3.93,822.0,699.0,7,2.0794415416798357,0.4093686354377985,0.23281249999996362,37.92118
400.0,0.0,0.0,187.0,0.0,1025.0,745.0,28,3.367295829986474,0.4674999999998831,0.0,43.69898888
322.2,0.0,115.6,196.0,10.4,817.9,813.4,28,3.367295829986474,0.6083178150215369,0.2640475102786058,31.178794196000002
500.0,0.0,0.0,200.0,0.0,1125.0,613.0,180,5.198497031265826,0.39999999999992003,0.0,51.04190828
154.8,183.4,0.0,193.3,9.1,877.2,867.7,28,3.367295829986474,1.2487080103351107,0.5422826729744109,23.786922
133.1,210.2,0.0,195.7,3.1,949.4,795.3,28,3.367295829986474,1.470323065363283,0.6122924555780332,28.937997196
254.0,0.0,0.0,198.0,0.0,968.0,863.0,180,5.198497031265826,0.7795275590548113,0.0,27.62730332
158.0,0.0,195.0,220.0,11.0,898.0,713.0,28,3.367295829986474,1.392405063290258,0.552407932011175,8.53571288
144.0,0.0,175.0,158.0,18.0,943.0,844.0,28,3.367295829986474,1.0972222222214603,0.548589341692618,15.41668336
203.5,305.3,0.0,203.5,0.0,963.4,630.0,7,2.0794415416798357,0.9999999999995086,0.6000393081759827,19.539060364
153.0,145.0,113.0,178.0,8.0,1002.0,689.0,28,3.367295829986474,1.1633986928096973,0.6277372262772195,25.55887532
193.5,290.2,0.0,185.7,0.0,998.2,704.3,28,3.367295829986474,0.9596899224801242,0.5999586520569361,32.626693796000005
150.9,0.0,183.9,166.6,11.6,991.2,772.2,28,3.367295829986474,1.104042412192774,0.5492831541216997,15.569747031999999
135.7,203.5,0.0,185.7,0.0,1076.2,759.3,28,3.367295829986474,1.368459837876663,0.5999410377356722,18.19871902
525.0,0.0,0.0,189.0,0.0,1125.0,613.0,180,5.198497031265826,0.3599999999999314,0.0,61.921839559999995
379.5,151.2,0.0,153.9,15.9,1134.3,605.0,3,1.3862943611198906,0.40553359683783785,0.2849067269643329,28.599464479999998
229.68,0.0,118.16,195.23,6.13,1028.1,757.63,56,4.04305126783455,0.8500087077669584,0.33969641214341656,31.35047372
203.5,305.3,0.0,203.5,0.0,963.4,630.0,28,3.367295829986474,0.9999999999995086,0.6000393081759827,41.684340008
146.0,173.0,0.0,182.0,3.0,986.0,817.0,28,3.367295829986474,1.2465753424648998,0.5423197492161309,23.73865868
389.9,189.0,0.0,145.9,22.0,944.7,755.8,56,4.04305126783455,0.374198512438991,0.3264812575573801,79.40005615999999
359.0,19.0,141.0,154.0,10.91,942.0,801.0,28,3.367295829986474,0.4289693593313568,0.30828516377643383,59.494884039999995
237.5,237.5,0.0,228.0,0.0,932.0,594.0,270,5.602118820879701,0.9599999999995958,0.49999999999989475,38.407950056000004
480.0,0.0,0.0,192.0,0.0,936.2,712.2,3,1.3862943611198906,0.3999999999999167,0.0,24.404692496
388.6,97.1,0.0,157.9,12.1,852.1,925.7,91,4.5217885770490405,0.40633041688100713,0.19991764463656578,57.59882504
122.6,183.9,0.0,203.5,0.0,958.2,800.1,28,3.367295829986474,1.6598694942890213,0.5999999999998042,24.290928956
162.0,214.0,164.0,202.0,10.0,820.0,680.0,28,3.367295829986474,1.246913580246144,0.6999999999998703,30.647208199999998
273.0,0.0,90.0,199.0,11.0,931.0,762.0,28,3.367295829986474,0.728937728937462,0.24793388429745236,32.23989776
140.0,133.0,103.0,200.0,7.0,916.0,753.0,28,3.367295829986474,1.4285714285704083,0.6276595744679182,36.4388066
136.4,161.6,125.8,171.6,10.4,922.6,764.4,28,3.367295829986474,1.2580645161281099,0.6781500707879475,29.073134491999998
349.0,0.0,0.0,192.0,0.0,1056.0,809.0,28,3.367295829986474,0.5501432664754871,0.0,33.60506024
425.0,106.3,0.0,153.5,16.5,852.1,887.1,7,2.0794415416798357,0.36117647058815033,0.2000752870317711,49.20100736
210.7,316.1,0.0,185.7,0.0,977.0,689.3,7,2.0794415416798357,0.881347887991988,0.6000379650720198,21.819846971999997
229.68,0.0,118.16,195.23,6.13,1028.1,757.63,14,2.70805020110221,0.8500087077669584,0.33969641214341656,22.31833812
480.0,0.0,0.0,192.0,0.0,936.0,721.0,90,4.51085950651685,0.3999999999999167,0.0,54.27555072
135.7,203.5,0.0,185.7,0.0,1076.2,759.3,7,2.0794415416798357,1.368459837876663,0.5999410377356722,7.507014687999999
288.0,192.0,0.0,192.0,0.0,932.0,717.8,7,2.0794415416798357,0.6666666666664353,0.3999999999999167,23.523542168
178.03,129.8,118.6,179.94,3.57,1007.3,746.8,100,4.61512051684126,1.010728528899056,0.5825106113545991,49.99390476
239.6,359.4,0.0,185.7,0.0,941.6,664.3,7,2.0794415416798357,0.7750417362267216,0.5999999999998997,25.422359072
132.0,207.0,161.0,179.0,5.0,867.0,736.0,28,3.367295829986474,1.3560606060595788,0.7359999999998528,33.301690799999996
298.0,0.0,107.0,164.0,13.0,953.0,784.0,28,3.367295829986474,0.550335570469614,0.2641975308641323,35.85964676
212.07,0.0,121.62,180.31,5.69,1057.6,779.32,28,3.367295829986474,0.8502381289192955,0.36447001708161336,24.90387312
333.0,17.5,163.0,167.0,17.9,996.0,652.0,28,3.367295829986474,0.5015015015013509,0.351509250243359,47.27736932
302.0,0.0,0.0,203.0,0.0,974.0,817.0,180,5.198497031265826,0.6721854304633537,0.0,26.74477404
145.0,116.0,119.0,184.0,5.7,833.0,880.0,28,3.367295829986474,1.2689655172405043,0.6184210526314162,29.15794004
385.0,0.0,0.0,186.0,0.0,966.0,763.0,14,2.70805020110221,0.48311688311675766,0.0,27.923778
149.0,236.0,0.0,176.0,13.0,847.0,893.0,28,3.367295829986474,1.1812080536904825,0.6129870129868538,32.956952799999996
190.34,0.0,125.18,161.85,9.88,1088.1,802.59,56,4.04305126783455,0.8503204791421403,0.3967418864096106,38.56239268
198.6,132.4,0.0,192.0,0.0,978.4,825.5,360,5.8888779583328805,0.9667673716007218,0.3999999999998792,44.296075096
331.0,0.0,0.0,192.0,0.0,978.0,825.0,180,5.198497031265826,0.5800604229605498,0.0,38.99676256
250.0,0.0,0.0,182.0,0.0,1100.0,820.0,28,3.367295829986474,0.7279999999997089,0.0,20.87043852
167.0,187.0,195.0,185.0,7.0,898.0,636.0,28,3.367295829986474,1.1077844311370613,0.6958105646628969,23.8903434
277.0,0.0,0.0,191.0,0.0,968.0,856.0,28,3.367295829986474,0.6895306859203287,0.0,25.965666159999998
296.0,0.0,0.0,186.0,0.0,1090.0,769.0,7,2.0794415416798357,0.6283783783781661,0.0,18.91232668
333.0,0.0,0.0,192.0,0.0,931.2,842.6,28,3.367295829986474,0.5765765765764035,0.0,31.966865263999996
310.0,0.0,0.0,192.0,0.0,1012.0,830.0,120,4.795790545596741,0.6193548387094776,0.0,38.70028788
158.4,0.0,194.9,219.7,11.0,897.7,712.9,28,3.367295829986474,1.3869949494940739,0.5516558165863142,8.536402356
133.0,200.0,0.0,192.0,0.0,927.4,839.2,90,4.51085950651685,1.4436090225553058,0.6006006006004203,36.588422892
475.0,118.8,0.0,181.1,8.9,852.1,781.5,7,2.0794415416798357,0.3812631578946566,0.20006736274836645,55.59934464
393.0,0.0,0.0,192.0,0.0,940.0,758.0,28,3.367295829986474,0.4885496183204864,0.0,39.58281716
331.0,0.0,0.0,192.0,0.0,1025.0,821.0,7,2.0794415416798357,0.5800604229605498,0.0,17.43684804
316.1,210.7,0.0,185.7,0.0,977.0,689.3,28,3.367295829986474,0.5874723188862424,0.3999620349277904,38.70028788
165.0,0.02,143.57,163.81,0.0,1005.6,900.9,3,1.3862943611198906,0.9927878787872771,0.46530995819680954,14.39625888
491.0,26.0,123.0,210.0,3.93,882.0,699.0,7,2.0794415416798357,0.42769857433799846,0.23281249999996362,33.488834284729315
380.0,95.0,0.0,228.0,0.0,932.0,594.0,180,5.198497031265826,0.5999999999998421,0.1999999999999579,40.759063216
198.6,132.4,0.0,192.0,0.0,978.4,825.5,180,5.198497031265826,0.9667673716007218,0.3999999999998792,41.719503284
295.0,0.0,0.0,185.0,0.0,1069.0,769.0,28,3.367295829986474,0.6271186440675841,0.0,25.17966352
153.0,239.0,0.0,200.0,6.0,1002.0,684.0,28,3.367295829986474,1.307189542482806,0.6096938775508649,26.8550902
190.68,0.0,125.4,162.14,7.77,1090.0,804.01,14,2.70805020110221,0.8503251520868206,0.39673500379638166,21.063491799999998
362.6,189.0,0.0,164.9,11.6,944.7,755.8,28,3.367295829986474,0.4547710976281151,0.3426395939085673,71.29871315999999
342.0,38.0,0.0,228.0,0.0,932.0,670.0,180,5.198497031265826,0.6666666666664718,0.0999999999999737,52.1243856
155.0,184.0,143.0,194.0,9.0,880.0,699.0,28,3.367295829986474,1.251612903224999,0.6784232365143821,28.98557104
213.72,98.05,24.51,181.71,6.86,1065.8,785.38,14,2.70805020110221,0.8502245929249251,0.36445818960379317,30.38520732
387.0,20.0,94.0,157.0,13.93,938.0,845.0,3,1.3862943611198906,0.40568475452185904,0.2275449101795953,25.510612
382.0,0.0,0.0,186.0,0.0,1047.0,739.0,7,2.0794415416798357,0.48691099476427047,0.0,24.00065956
376.0,0.0,0.0,214.6,0.0,1003.5,762.36,100,4.61512051684126,0.570744680850912,0.0,43.0577762
181.38,0.0,167.01,169.59,7.56,1055.6,777.8,100,4.61512051684126,0.9349983460133781,0.47937656075074503,45.3675208
251.37,0.0,118.27,192.94,5.75,1043.6,754.3,3,1.3862943611198906,0.7675538051474847,0.3199599610430906,11.98309288
236.0,157.0,0.0,192.0,0.0,972.6,749.1,3,1.3862943611198906,0.8135593220335536,0.3994910941474811,13.565440299999999
397.0,17.2,158.0,167.0,20.8,967.0,633.0,28,3.367295829986474,0.420654911838685,0.3061866480251125,55.647607959999995
382.5,0.0,0.0,185.7,0.0,1047.8,739.3,28,3.367295829986474,0.48549019607830446,0.0,37.437857324
355.0,19.0,97.0,145.0,12.25,967.0,871.0,28,3.367295829986474,0.40845070422523705,0.24628450106151883,55.45455468
337.9,189.0,0.0,174.9,9.5,944.7,755.8,28,3.367295829986474,0.517608759988009,0.3587018409564702,49.89737812
310.0,0.0,0.0,192.0,0.0,971.0,850.6,3,1.3862943611198906,0.6193548387094776,0.0,9.86640156
446.0,24.0,79.0,162.0,11.61,967.0,712.0,28,3.367295829986474,0.36322869955148807,0.18761384335151407,57.02655996
157.0,236.0,0.0,192.0,0.0,935.4,781.2,90,4.51085950651685,1.2229299363049537,0.6005089058522646,43.377003588
401.8,94.7,0.0,147.4,11.4,946.8,852.1,28,3.367295829986474,0.3668491786957773,0.1907351460221167,68.4994406
321.4,0.0,127.9,182.5,11.5,870.1,779.7,28,3.367295829986474,0.5678282513999479,0.28466503449804487,37.265488323999996
284.0,15.0,141.0,179.0,5.46,842.0,801.0,3,1.3862943611198906,0.6302816901406232,0.35454545454537395,13.395533715270679
159.0,149.0,116.0,175.0,15.0,953.0,720.0,28,3.367295829986474,1.100628930816918,0.6249999999998526,27.67556664
279.8,128.9,100.4,172.4,9.5,825.1,804.9,28,3.367295829986474,0.6161543959969207,0.4504026713807797,52.826961643999994
266.0,114.0,0.0,228.0,0.0,932.0,670.0,180,5.198497031265826,0.8571428571425349,0.29999999999992105,48.695621452
310.0,0.0,0.0,192.0,0.0,970.0,850.0,90,4.51085950651685,0.6193548387094776,0.0,34.6806428
304.0,76.0,0.0,228.0,0.0,932.0,670.0,28,3.367295829986474,0.7499999999997533,0.1999999999999474,47.813781648
286.3,200.9,0.0,144.7,11.2,1004.6,803.7,56,4.04305126783455,0.5054139015017445,0.4123563218389958,72.99482412
342.0,38.0,0.0,228.0,0.0,932.0,670.0,90,4.51085950651685,0.6666666666664718,0.0999999999999737,50.45930106
387.0,20.0,94.0,157.0,13.93,938.0,845.0,7,2.0794415416798357,0.40568475452185904,0.2275449101795953,45.89841732
500.0,0.0,0.0,140.0,4.0,966.0,853.0,28,3.367295829986474,0.279999999999944,0.0,67.568648
222.36,0.0,96.67,189.29,4.46,967.08,870.32,56,4.04305126783455,0.851277208130576,0.303012255900604,29.447519959999997
385.0,0.0,0.0,186.0,0.0,966.0,763.0,1,0.6931471805599453,0.48311688311675766,0.0,6.26733684
190.34,0.0,125.18,161.85,9.88,1088.1,802.59,28,3.367295829986474,0.8503204791421403,0.3967418864096106,28.46846404
155.0,0.0,143.0,193.0,9.0,877.0,868.0,28,3.367295829986474,1.2451612903217775,0.47986577181191953,9.735401119999999
349.0,0.0,0.0,192.0,0.0,1047.0,806.0,180,5.198497031265826,0.5501432664754871,0.0,41.05140104
237.5,237.5,0.0,228.0,0.0,932.0,594.0,90,4.51085950651685,0.9599999999995958,0.49999999999989475,33.116911232
133.0,210.0,0.0,196.0,3.0,949.0,795.0,28,3.367295829986474,1.473684210525208,0.6122448979590052,31.026419999999998
275.07,0.0,121.35,159.48,9.9,1053.6,777.5,56,4.04305126783455,0.5797796924417131,0.3061147268048267,56.847296199999995
500.0,0.0,0.0,200.0,0.0,1125.0,613.0,7,2.0794415416798357,0.39999999999992003,0.0,33.21205892
166.8,250.2,0.0,203.5,0.0,975.6,692.6,90,4.51085950651685,1.2200239808146163,0.5999999999998561,43.565230536
310.0,0.0,0.0,192.0,0.0,1012.0,830.0,90,4.51085950651685,0.6193548387094776,0.0,35.763120119999996
168.88,42.22,124.25,158.33,10.83,1080.8,796.15,14,2.70805020110221,0.9375296068208567,0.49640673922752454,23.5111316
288.0,192.0,0.0,192.0,0.0,932.0,717.8,90,4.51085950651685,0.6666666666664353,0.3999999999999167,50.526869708
250.0,0.0,95.69,187.42,5.53,956.86,861.17,28,3.367295829986474,0.7496799999997001,0.2768087014376242,29.21999288
331.0,0.0,0.0,192.0,0.0,1025.0,821.0,3,1.3862943611198906,0.5800604229605498,0.0,14.306626999999999
167.35,129.9,128.62,175.46,7.79,1006.3,746.6,100,4.61512051684126,1.0484613086339718,0.6070397069526834,53.65502232
213.5,0.0,174.24,159.21,11.66,1043.6,771.9,56,4.04305126783455,0.7457142857139365,0.4493732913807063,51.25564584
231.75,0.0,121.62,173.96,6.72,1056.4,778.45,14,2.70805020110221,0.750636461704099,0.3441718312249642,26.77235308
525.0,0.0,0.0,189.0,0.0,1125.0,613.0,3,1.3862943611198906,0.3599999999999314,0.0,33.79811352
140.0,164.0,128.0,237.0,6.0,869.0,656.0,28,3.367295829986474,1.6928571428559338,0.6759259259257695,35.225328839999996
231.75,0.0,121.62,173.96,6.72,1056.4,778.45,3,1.3862943611198906,0.750636461704099,0.3441718312249642,15.43736764
190.68,0.0,125.4,162.14,7.77,1090.0,804.01,28,3.367295829986474,0.8503251520868206,0.39673500379638166,26.40003604
337.9,189.0,0.0,174.9,9.5,944.7,755.8,56,4.04305126783455,0.517608759988009,0.3587018409564702,59.89478012
181.9,272.8,0.0,185.7,0.0,1012.4,714.3,28,3.367295829986474,1.020890599229785,0.5999560149547833,27.935499091999997
331.0,0.0,0.0,192.0,0.0,1025.0,821.0,90,4.51085950651685,0.5800604229605498,0.0,37.91428524
475.0,0.0,0.0,162.0,9.5,1044.0,662.0,28,3.367295829986474,0.34105263157887555,0.0,58.522722879999996
200.0,133.0,0.0,192.0,0.0,965.4,806.2,7,2.0794415416798357,0.95999999999952,0.3993993993992795,17.165883972
446.0,24.0,79.0,162.0,11.64,967.0,712.0,3,1.3862943611198906,0.36322869955148807,0.18761384335151407,25.021084039999998
322.0,0.0,0.0,203.0,0.0,974.0,800.0,14,2.70805020110221,0.6304347826084999,0.0,20.77391188
331.0,0.0,0.0,192.0,0.0,978.0,825.0,3,1.3862943611198906,0.5800604229605498,0.0,13.52062436
401.8,94.7,0.0,147.4,11.4,946.8,852.1,7,2.0794415416798357,0.3668491786957773,0.1907351460221167,54.09628696
295.8,0.0,0.0,185.7,0.0,1091.4,769.3,7,2.0794415416798357,0.6277890466529318,0.0,14.843728804
500.1,0.0,0.0,200.0,3.0,1124.4,613.2,28,3.367295829986474,0.39992001599672067,0.0,44.13335876
540.0,0.0,0.0,162.0,2.5,1055.0,676.0,28,3.367295829986474,0.2999999999999444,0.0,61.887365759999994
298.1,0.0,107.5,163.6,12.8,953.2,784.0,28,3.367295829986474,0.5488091244546968,0.2650394477316901,35.86585204399999
166.0,259.7,0.0,183.2,12.7,858.8,826.8,28,3.367295829986474,1.1036144578306606,0.6100540286585365,37.917043144
397.0,0.0,0.0,185.7,0.0,1040.6,734.3,28,3.367295829986474,0.46775818639786704,0.0,33.082437432
144.0,15.0,195.0,176.0,6.0,1021.0,709.0,28,3.367295829986474,1.2222222222213737,0.5932203389828833,15.340841
425.0,106.3,0.0,153.5,16.5,852.1,887.1,3,1.3862943611198906,0.36117647058815033,0.2000752870317711,33.398217439999996
212.07,0.0,121.62,180.31,5.69,1057.6,779.32,14,2.70805020110221,0.8502381289192955,0.36447001708161336,20.91870184
190.0,190.0,0.0,228.0,0.0,932.0,670.0,365,5.902633333401366,1.1999999999993685,0.49999999999986844,53.69225402399999
313.3,145.0,0.0,178.5,8.0,867.2,824.0,28,3.367295829986474,0.5697414618574626,0.31638664630148017,40.925226931999994
281.0,0.0,0.0,186.0,0.0,1104.0,774.0,28,3.367295829986474,0.6619217081848179,0.0,22.435549039999998
424.0,22.0,132.0,178.0,8.48,882.0,750.0,3,1.3862943611198906,0.41981132075461797,0.26643598615912345,32.01138571527068
190.34,0.0,125.18,166.61,9.88,1079.0,798.9,14,2.70805020110221,0.8753283597767809,0.3967418864096106,19.41564416
250.0,0.0,95.69,191.84,5.33,948.9,857.2,56,4.04305126783455,0.7673599999996931,0.2768087014376242,39.64487
325.6,166.4,0.0,174.0,8.9,881.6,790.0,28,3.367295829986474,0.5343980343978703,0.3382113821137524,61.23581094
214.9,53.8,121.89,155.63,9.61,1014.3,780.58,28,3.367295829986474,0.7241973010699283,0.44980670268044504,52.20022796
362.6,189.0,0.0,164.9,11.6,944.7,755.8,3,1.3862943611198906,0.4547710976281151,0.3426395939085673,35.3011712
297.16,0.0,117.54,174.8,9.52,1022.8,753.45,3,1.3862943611198906,0.5882352941174491,0.28343380757167025,21.91154728
284.0,120.0,0.0,168.0,7.0,970.0,794.0,28,3.367295829986474,0.5915492957744396,0.2970297029702235,40.93419012
158.8,238.2,0.0,185.7,0.0,1040.6,734.3,28,3.367295829986474,1.1693954659942258,0.5999999999998489,21.066249704
213.74,0.0,174.74,154.79,10.16,1053.5,776.35,14,2.70805020110221,0.7241976232802825,0.4498043657329979,33.72916592
339.0,0.0,0.0,185.0,0.0,1069.0,754.0,7,2.0794415416798357,0.5457227138641458,0.0,21.160018439999998
229.68,0.0,118.16,195.23,6.13,1028.1,757.63,28,3.367295829986474,0.8500087077669584,0.33969641214341656,24.53845084
190.0,190.0,0.0,228.0,0.0,932.0,670.0,90,4.51085950651685,1.1999999999993685,0.49999999999986844,42.32693164
251.81,0.0,99.94,146.14,12.35,1006.0,899.76,14,2.70805020110221,0.580358206584099,0.2841222459132099,33.35684888
339.0,0.0,0.0,197.0,0.0,968.0,781.0,14,2.70805020110221,0.5811209439526309,0.0,27.04124872
520.0,0.0,0.0,175.0,5.2,870.0,805.0,28,3.367295829986474,0.3365384615383968,0.0,51.021224
231.75,0.0,121.62,173.96,6.72,1056.4,778.45,100,4.61512051684126,0.750636461704099,0.3441718312249642,45.83636448
375.0,93.8,0.0,126.6,23.4,852.1,992.6,91,4.5217885770490405,0.33759999999990997,0.20008532423203923,62.5009994
310.0,143.0,0.0,168.0,10.0,914.0,804.0,28,3.367295829986474,0.5419354838707929,0.3156732891831533,45.2985732
427.5,47.5,0.0,228.0,0.0,932.0,594.0,180,5.198497031265826,0.5333333333332086,0.09999999999997895,41.836714203999996
250.2,166.8,0.0,203.5,0.0,977.6,694.1,90,4.51085950651685,0.8133493205432402,0.3999999999999041,47.714497103999996
525.0,0.0,0.0,189.0,0.0,1125.0,613.0,28,3.367295829986474,0.3599999999999314,0.0,55.94408264
446.0,24.0,79.0,162.0,10.3,967.0,712.0,56,4.04305126783455,0.36322869955148807,0.18761384335151407,54.765078679999995
264.5,111.0,86.5,195.5,5.9,832.6,790.4,28,3.367295829986474,0.7391304347823293,0.427489177489085,41.542307951999994
491.0,26.0,123.0,201.0,3.93,822.0,699.0,3,1.3862943611198906,0.4093686354377985,0.23281249999996362,29.54897143054136
154.0,144.0,112.0,220.0,10.0,923.0,658.0,28,3.367295829986474,1.4285714285705011,0.6243902439022867,16.49916068
229.68,0.0,118.16,195.23,6.13,1028.1,757.63,100,4.61512051684126,0.8500087077669584,0.33969641214341656,40.85834776
255.5,170.3,0.0,185.7,0.0,1026.6,724.3,28,3.367295829986474,0.7268101761249601,0.39995302959126355,32.051670812
155.0,183.0,0.0,193.0,9.0,1047.0,697.0,28,3.367295829986474,1.2451612903217775,0.541420118343035,18.28490352
382.5,0.0,0.0,185.7,0.0,1047.8,739.3,7,2.0794415416798357,0.48549019607830446,0.0,24.065470304
303.6,139.9,0.0,213.5,6.2,895.5,722.5,28,3.367295829986474,0.7032279314885694,0.3154453213077079,33.419591196
305.3,203.5,0.0,203.5,0.0,965.4,631.0,3,1.3862943611198906,0.6665574844413146,0.39996069182382077,14.143910664
143.0,169.4,142.7,190.7,8.4,967.4,643.5,28,3.367295829986474,1.333566433565501,0.6857833443197792,29.726068263999995
233.81,0.0,94.58,197.89,4.567,947.04,852.16,3,1.3862943611198906,0.8463709849874486,0.28801120618767684,10.38350856
296.0,0.0,0.0,192.0,0.0,1085.0,765.0,28,3.367295829986474,0.6486486486484295,0.0,21.6495464
277.0,116.8,91.0,190.6,7.0,946.5,665.6,28,3.367295829986474,0.6880866425990296,0.42863036303621527,43.57833058
203.5,305.3,0.0,203.5,0.0,963.4,630.0,3,1.3862943611198906,0.9999999999995086,0.6000393081759827,9.561653168
446.0,24.0,79.0,162.0,11.61,967.0,712.0,3,1.3862943611198906,0.36322869955148807,0.18761384335151407,35.36322404
173.0,116.0,0.0,192.0,0.0,946.8,856.8,28,3.367295829986474,1.1098265895947343,0.40138408304484385,24.281965768
424.0,22.0,132.0,178.0,8.48,822.0,750.0,7,2.0794415416798357,0.41981132075461797,0.26643598615912345,39.004642284729314
304.0,76.0,0.0,228.0,0.0,932.0,670.0,180,5.198497031265826,0.7499999999997533,0.1999999999999474,50.94882902
446.0,24.0,79.0,162.0,10.3,967.0,712.0,28,3.367295829986474,0.36322869955148807,0.18761384335151407,53.38612668
220.8,147.2,0.0,185.7,0.0,1055.0,744.3,28,3.367295829986474,0.8410326086952712,0.3999999999998913,25.745033839999998
356.0,0.0,142.0,193.0,11.0,801.0,778.0,28,3.367295829986474,0.5421348314605219,0.28514056224893874,40.865242519999995
500.0,0.0,0.0,200.0,0.0,1125.0,613.0,3,1.3862943611198906,0.39999999999992003,0.0,26.0621928
250.0,0.0,95.69,187.42,5.53,956.86,861.17,56,4.04305126783455,0.7496799999997001,0.2768087014376242,38.32797084
139.6,209.4,0.0,192.0,0.0,1047.0,806.9,28,3.367295829986474,1.3753581661881267,0.5999999999998281,28.23748958
295.71,0.0,95.64,171.54,8.87,955.14,859.2,100,4.61512051684126,0.5800953637007271,0.24438482177073098,52.04164848
165.0,128.5,132.1,175.06,8.08,1005.8,746.6,100,4.61512051684126,1.060969696969054,0.6123120300750441,55.020184799999996
362.6,189.0,0.0,164.9,11.6,944.7,755.8,56,4.04305126783455,0.4547710976281151,0.3426395939085673,77.29715436
251.37,0.0,118.27,188.45,5.75,1028.4,757.73,28,3.367295829986474,0.7496916895410153,0.3199599610430906,29.654362759999998
272.6,0.0,89.6,198.7,10.6,931.3,762.2,28,3.367295829986474,0.7289068231838851,0.24737713970175387,32.245413568000004
233.81,0.0,94.58,197.89,4.567,947.04,852.16,28,3.367295829986474,0.8463709849874486,0.28801120618767684,22.83544512
520.0,0.0,0.0,170.0,5.2,855.0,855.0,28,3.367295829986474,0.32692307692301403,0.0,60.280886679999995
393.0,0.0,0.0,192.0,0.0,940.0,758.0,90,4.51085950651685,0.4885496183204864,0.0,48.79421652
173.81,93.37,159.9,172.34,9.73,1007.2,746.6,3,1.3862943611198906,0.9915424889241174,0.593027067528193,15.81657944
387.0,20.0,94.0,157.0,14.32,938.0,845.0,7,2.0794415416798357,0.40568475452185904,0.2275449101795953,36.83870268
297.16,0.0,117.54,174.8,9.52,1022.8,753.45,100,4.61512051684126,0.5882352941174491,0.28343380757167025,56.7438748
331.0,0.0,0.0,192.0,0.0,978.0,825.0,360,5.8888779583328805,0.5800604229605498,0.0,41.244454319999996
277.05,0.0,97.39,160.6,11.83,973.9,875.61,100,4.61512051684126,0.5796787583466595,0.2600950753123972,55.6407132
141.3,212.0,0.0,203.5,0.0,971.8,748.5,7,2.0794415416798357,1.4401981599423637,0.6000566091138976,10.3938507
323.7,282.8,0.0,183.8,10.3,942.7,659.9,28,3.367295829986474,0.5678097003396455,0.46628194558937075,74.69782984
133.0,200.0,0.0,192.0,0.0,927.4,839.2,28,3.367295829986474,1.4436090225553058,0.6006006006004203,27.874825204
159.0,187.0,0.0,176.0,11.0,990.0,789.0,28,3.367295829986474,1.1069182389930146,0.5404624277455086,32.763899519999995
286.3,200.9,0.0,144.7,11.2,1004.6,803.7,3,1.3862943611198906,0.5054139015017445,0.4123563218389958,24.40055564
246.83,0.0,125.08,143.3,11.99,1086.8,800.89,14,2.70805020110221,0.5805615200743101,0.33631792637994773,42.21661548
190.34,0.0,125.18,166.61,9.88,1079.0,798.9,100,4.61512051684126,0.8753283597767809,0.3967418864096106,33.56369168
475.0,118.8,0.0,181.1,8.9,852.1,781.5,28,3.367295829986474,0.3812631578946566,0.20006736274836645,68.29949256
314.0,0.0,113.0,170.0,10.0,925.0,783.0,28,3.367295829986474,0.5414012738851779,0.2646370023418584,38.45897128
